wid,pretest_type,critical_type,overlay,fancy_critical,train_presentation_duration,recall_time,afc_time,afc_bonus_time,n_pair,n_repeat,n_practice_critical,n_distractor,critical_penalty,bonus_rate_critical,bonus_rate_critical_speed,bonus_rate_afc,bonus_rate_pretest,bonus_rate_distractor,bonus_rate_speed,prime,prime_duration,prime_mask,prime_mask_surround,pairs,completed,bonus,version,math_correct
w337b4e3,simple-recall,simple-recall-penalized,True,False,2000,15000,,5000,40,1,3,10,1,3,0.1,1,1,1,0.25,True,100,False,False,"[{'word': 'sand', 'image': '../static/stimuli/images/musuem/sun_alsgupdkmpsptlos.jpg'}, {'word': 'candle', 'image': '../static/stimuli/images/computerroom/sun_azkmsfiuzzekamsy.jpg'}, {'word': 'nut', 'image': '../static/stimuli/images/railway/sun_aqlgoveofhhmvrdh.jpg'}, {'word': 'cat', 'image': '../static/stimuli/images/windmill/sun_arzqgolrrmfeptxe.jpg'}, {'word': 'bed', 'image': '../static/stimuli/images/house/sun_aahrslvfecptaudk.jpg'}, {'word': 'apple', 'image': '../static/stimuli/images/greenhouse/sun_aahkpmrwfcwqyfcf.jpg'}, {'word': 'cake', 'image': '../static/stimuli/images/underwater/sun_axbjbqawtejfugwt.jpg'}, {'word': 'computer', 'image': '../static/stimuli/images/auditorium/sun_akzbbqivzbpbnjbz.jpg'}, {'word': 'bone', 'image': '../static/stimuli/images/gym/sun_awvqsdkrklypaaep.jpg'}, {'word': 'snake', 'image': '../static/stimuli/images/castle/sun_alevmcaohaqqwlic.jpg'}, {'word': 'duck', 'image': '../static/stimuli/images/forest/sun_atlxncsxfmqwisuw.jpg'}, {'word': 'puzzle', 'image': '../static/stimuli/images/ziggurat/fig2.png'}, {'word': 'bee', 'image': '../static/stimuli/images/tower/sun_avnkmtvvzgltezto.jpg'}, {'word': 'hay', 'image': '../static/stimuli/images/temple/sun_ardesvcosqecvbes.jpg', 'practice': True}, {'word': 'bread', 'image': '../static/stimuli/images/roof/sun_acebhjdzsytwpmoj.jpg'}, {'word': 'jeans', 'image': '../static/stimuli/images/restaurant/sun_ajsstbpxnharlnnf.jpg'}, {'word': 'door', 'image': '../static/stimuli/images/ranch/sun_atkydlwjcpmattts.jpg'}, {'word': 'bird', 'image': '../static/stimuli/images/warehouse/sun_abqmsdjgfgnjjgzm.jpg', 'practice': True}, {'word': 'egg', 'image': '../static/stimuli/images/laundryroom/sun_adldglebrfdkcxwu.jpg'}, {'word': 'drink', 'image': '../static/stimuli/images/pool/sun_aztsporcpcmiibon.jpg'}, {'word': 'rabbit', 'image': '../static/stimuli/images/shoppingmall/sun_attlobbjfpnyzslo.jpg'}, {'word': 'milk', 'image': '../static/stimuli/images/volcano/sun_ausfbukcukjcqubc.jpg'}, {'word': 'hat', 'image': '../static/stimuli/images/river/sun_aahjsajmsehqtuox.jpg'}, {'word': 'fence', 'image': '../static/stimuli/images/bookstore/sun_auwghripdoxzluuk.jpg'}, {'word': 'toilet', 'image': '../static/stimuli/images/waterfall/sun_acmlcxobalurtcmq.jpg'}, {'word': 'lawn', 'image': '../static/stimuli/images/vineyard/sun_aioxamlvtxhpnzzt.jpg'}, {'word': 'flower', 'image': '../static/stimuli/images/campsite/sun_asbhlaoploqpjahx.jpg'}, {'word': 'lion', 'image': '../static/stimuli/images/downtown/sun_bctdtcqciqgupefg.jpg'}, {'word': 'window', 'image': '../static/stimuli/images/tenniscourt/sun_aizsvornuhzvyvhc.jpg', 'practice': True}, {'word': 'bear', 'image': '../static/stimuli/images/skiresort/sun_aczexzwhbzruewdm.jpg'}, {'word': 'dog', 'image': '../static/stimuli/images/footballfield/sun_aszinldqqvnpmwfh.jpg'}, {'word': 'pig', 'image': '../static/stimuli/images/theater/sun_acehmgvyiimdorgz.jpg'}, {'word': 'horse', 'image': '../static/stimuli/images/subway/sun_alfhdavatfhkuxyo.jpg'}, {'word': 'bag', 'image': '../static/stimuli/images/airport/sun_aqytxlpqgdgggfum.jpg'}, {'word': 'potato', 'image': '../static/stimuli/images/kitchen/sun_ajmwiafzffjerzeb.jpg'}, {'word': 'eye', 'image': '../static/stimuli/images/street/sun_aaeluqrkikjbtquv.jpg'}, {'word': 'ear', 'image': '../static/stimuli/images/garage/sun_dfvgejtxiljzbywb.jpg'}, {'word': 'truck', 'image': '../static/stimuli/images/grocery/sun_akqpikmgyzrpoilg.jpg'}, {'word': 'heart', 'image': '../static/stimuli/images/beach/sun_aaapvfgggrgorgox.jpg'}, {'word': 'volcano', 'image': '../static/stimuli/images/sky/sun_agpvigtqjmmxbzwp.jpg'}]",True,0.915,v6.5C,8.0
wd7eac6f,simple-recall,simple-recall-penalized,True,False,2000,15000,,5000,40,1,3,10,1,3,0.1,1,1,1,0.25,True,100,False,False,"[{'word': 'cake', 'image': '../static/stimuli/images/tenniscourt/sun_avbthoqreldjpsco.jpg'}, {'word': 'lawn', 'image': '../static/stimuli/images/roof/sun_airvzklrdchyytiu.jpg'}, {'word': 'snake', 'image': '../static/stimuli/images/musuem/sun_asxfpkysdohbethd.jpg'}, {'word': 'bird', 'image': '../static/stimuli/images/windmill/sun_alrghzshdjgnywto.jpg'}, {'word': 'nut', 'image': '../static/stimuli/images/downtown/sun_ahtmvwmmrlbrfchd.jpg'}, {'word': 'rabbit', 'image': '../static/stimuli/images/volcano/sun_amntiizmakyntrnx.jpg'}, {'word': 'milk', 'image': '../static/stimuli/images/sky/sun_aeglnxtxlevipkzh.jpg'}, {'word': 'dog', 'image': '../static/stimuli/images/footballfield/sun_aedcjgjztgoialpm.jpg'}, {'word': 'hay', 'image': '../static/stimuli/images/greenhouse/sun_apjhtwdcpezmnlze.jpg'}, {'word': 'candle', 'image': '../static/stimuli/images/auditorium/sun_ahwnrxacspjqqqfm.jpg'}, {'word': 'door', 'image': '../static/stimuli/images/pool/sun_amnkmeojepioccty.jpg'}, {'word': 'puzzle', 'image': '../static/stimuli/images/underwater/sun_aojrtoikxmtgzchi.jpg'}, {'word': 'toilet', 'image': '../static/stimuli/images/railway/sun_axeddylwawkspiuo.jpg'}, {'word': 'bone', 'image': '../static/stimuli/images/forest/sun_avyyymflzsdrwgbe.jpg'}, {'word': 'duck', 'image': '../static/stimuli/images/laundryroom/sun_aamwlajirwqjrbun.jpg'}, {'word': 'horse', 'image': '../static/stimuli/images/river/sun_awyqyxlrmqvjlwnd.jpg'}, {'word': 'computer', 'image': '../static/stimuli/images/tower/sun_aqbekeygojzsbcsp.jpg'}, {'word': 'window', 'image': '../static/stimuli/images/vineyard/sun_aicvecccjhfzcjnt.jpg'}, {'word': 'bread', 'image': '../static/stimuli/images/gym/sun_awstzxompuovdfck.jpg'}, {'word': 'heart', 'image': '../static/stimuli/images/subway/sun_aoelchwqhnnizmrp.jpg'}, {'word': 'volcano', 'image': '../static/stimuli/images/beach/sun_abrqamdurwzygcjy.jpg'}, {'word': 'pig', 'image': '../static/stimuli/images/kitchen/sun_aqeaevwwwjoqhzvl.jpg'}, {'word': 'ear', 'image': '../static/stimuli/images/warehouse/sun_aadtsgkouwrqwvwl.jpg', 'practice': True}, {'word': 'drink', 'image': '../static/stimuli/images/castle/sun_apvtpjdfgucfbnsd.jpg'}, {'word': 'lion', 'image': '../static/stimuli/images/ranch/sun_adlocewvkpbsaigj.jpg'}, {'word': 'eye', 'image': '../static/stimuli/images/ziggurat/fig2.png'}, {'word': 'bee', 'image': '../static/stimuli/images/bookstore/sun_aibnpvhkdpdnzcnz.jpg'}, {'word': 'hat', 'image': '../static/stimuli/images/shoppingmall/sun_addqytasyktafwmq.jpg'}, {'word': 'jeans', 'image': '../static/stimuli/images/computerroom/sun_akcjvpjqukkdanyo.jpg'}, {'word': 'potato', 'image': '../static/stimuli/images/skiresort/sun_aijypnsissxbdxyj.jpg'}, {'word': 'sand', 'image': '../static/stimuli/images/campsite/sun_azvxwxzbkknkggng.jpg', 'practice': True}, {'word': 'cat', 'image': '../static/stimuli/images/grocery/sun_aczzweebuokhxnbb.jpg'}, {'word': 'bear', 'image': '../static/stimuli/images/restaurant/sun_aejvqzvtonxptams.jpg'}, {'word': 'flower', 'image': '../static/stimuli/images/garage/sun_djtxkmtcichrbudp.jpg'}, {'word': 'fence', 'image': '../static/stimuli/images/house/sun_abcaoiwkiofeweig.jpg'}, {'word': 'bed', 'image': '../static/stimuli/images/waterfall/sun_albucmtmstcfpynn.jpg'}, {'word': 'egg', 'image': '../static/stimuli/images/airport/sun_akhqgzrrubgnwzpa.jpg'}, {'word': 'truck', 'image': '../static/stimuli/images/theater/sun_acehmgvyiimdorgz.jpg'}, {'word': 'bag', 'image': '../static/stimuli/images/street/sun_aaeluqrkikjbtquv.jpg'}, {'word': 'apple', 'image': '../static/stimuli/images/temple/sun_aeurbzlgbulzilum.jpg', 'practice': True}]",True,1.3130000000000002,v6.5C,9.0
w1eeb2d1,simple-recall,simple-recall-penalized,True,False,2000,15000,,5000,40,1,3,10,1,3,0.1,1,1,1,0.25,True,100,False,False,"[{'word': 'window', 'image': '../static/stimuli/images/airport/sun_axuntpkgfijknxde.jpg'}, {'word': 'bear', 'image': '../static/stimuli/images/skiresort/sun_akfvworuwhgwukzv.jpg'}, {'word': 'bee', 'image': '../static/stimuli/images/garage/sun_dmxrwdsmpakdmytc.jpg'}, {'word': 'heart', 'image': '../static/stimuli/images/volcano/sun_axyqizdexdgrtfie.jpg'}, {'word': 'egg', 'image': '../static/stimuli/images/bookstore/sun_avsybhiblxqxcayh.jpg'}, {'word': 'bread', 'image': '../static/stimuli/images/downtown/sun_axbzajoxhnjergfp.jpg'}, {'word': 'potato', 'image': '../static/stimuli/images/tenniscourt/sun_ajmzjgescxgcfhdp.jpg', 'practice': True}, {'word': 'computer', 'image': '../static/stimuli/images/sky/sun_agpvigtqjmmxbzwp.jpg'}, {'word': 'lawn', 'image': '../static/stimuli/images/vineyard/sun_amazvkispkonazvz.jpg'}, {'word': 'bed', 'image': '../static/stimuli/images/campsite/sun_akmknzqdbcxpznth.jpg'}, {'word': 'bird', 'image': '../static/stimuli/images/grocery/sun_agipdkpovnqrcsgh.jpg'}, {'word': 'dog', 'image': '../static/stimuli/images/tower/sun_augaqwzgrksvvsgf.jpg'}, {'word': 'apple', 'image': '../static/stimuli/images/gym/sun_arcsudfqyrphzccy.jpg'}, {'word': 'bag', 'image': '../static/stimuli/images/castle/sun_apbjjqvsvrybtdua.jpg'}, {'word': 'cake', 'image': '../static/stimuli/images/underwater/sun_ajzucqttdjcknlvx.jpg'}, {'word': 'candle', 'image': '../static/stimuli/images/greenhouse/sun_bmnxsjsqwqcaluzf.jpg'}, {'word': 'nut', 'image': '../static/stimuli/images/river/sun_ahmmzoezbuevqzjm.jpg'}, {'word': 'door', 'image': '../static/stimuli/images/ziggurat/sun_apdphtulomykrqoa.jpg'}, {'word': 'truck', 'image': '../static/stimuli/images/beach/sun_aawqdbpihmlbwyyn.jpg'}, {'word': 'hay', 'image': '../static/stimuli/images/kitchen/sun_asrcfjusjydonoin.jpg'}, {'word': 'ear', 'image': '../static/stimuli/images/theater/sun_acpdepnxayyyjqgs.jpg'}, {'word': 'rabbit', 'image': '../static/stimuli/images/railway/sun_aprfapnfngmvbixm.jpg'}, {'word': 'snake', 'image': '../static/stimuli/images/forest/sun_anfpmkqemzwfixbm.jpg'}, {'word': 'flower', 'image': '../static/stimuli/images/pool/sun_aelfhlyhvuglfcha.jpg'}, {'word': 'hat', 'image': '../static/stimuli/images/warehouse/sun_abqmsdjgfgnjjgzm.jpg'}, {'word': 'horse', 'image': '../static/stimuli/images/waterfall/sun_awrontvhyysjfacv.jpg'}, {'word': 'cat', 'image': '../static/stimuli/images/auditorium/sun_ahxfbcfdtvgnrivf.jpg'}, {'word': 'eye', 'image': '../static/stimuli/images/street/sun_avxrcniddstcuuuc.jpg'}, {'word': 'milk', 'image': '../static/stimuli/images/house/sun_abcaoiwkiofeweig.jpg', 'practice': True}, {'word': 'bone', 'image': '../static/stimuli/images/ranch/sun_acianlkkblpqgica.jpg'}, {'word': 'volcano', 'image': '../static/stimuli/images/musuem/sun_aspbwvercyqvrrkn.jpg'}, {'word': 'sand', 'image': '../static/stimuli/images/restaurant/sun_ajsstbpxnharlnnf.jpg'}, {'word': 'lion', 'image': '../static/stimuli/images/temple/sun_aapfmtbuxevwbxck.jpg'}, {'word': 'pig', 'image': '../static/stimuli/images/shoppingmall/sun_attlobbjfpnyzslo.jpg'}, {'word': 'fence', 'image': '../static/stimuli/images/windmill/sun_aagvxopinmvnjsdt.jpg'}, {'word': 'drink', 'image': '../static/stimuli/images/subway/sun_apsbdxitmzdgpeyn.jpg', 'practice': True}, {'word': 'duck', 'image': '../static/stimuli/images/footballfield/sun_aegayohtofbvbdoa.jpg'}, {'word': 'jeans', 'image': '../static/stimuli/images/computerroom/sun_akbfsjykwgllwszc.jpg'}, {'word': 'toilet', 'image': '../static/stimuli/images/roof/sun_asrztwexxagrlhem.jpg'}, {'word': 'puzzle', 'image': '../static/stimuli/images/laundryroom/sun_aamwlajirwqjrbun.jpg'}]",True,1.4249999999999998,v6.5C,8.0
w2ebd75a,simple-recall,simple-recall-penalized,True,False,2000,15000,,5000,40,1,3,10,1,3,0.1,1,1,1,0.25,True,100,False,False,"[{'word': 'volcano', 'image': '../static/stimuli/images/warehouse/sun_abdmrgvlsfpsgxyu.jpg'}, {'word': 'bear', 'image': '../static/stimuli/images/beach/sun_aatjakozddkxujut.jpg'}, {'word': 'potato', 'image': '../static/stimuli/images/ranch/sun_acianlkkblpqgica.jpg'}, {'word': 'eye', 'image': '../static/stimuli/images/waterfall/sun_acijjmbhzvfdnsrt.jpg'}, {'word': 'lawn', 'image': '../static/stimuli/images/railway/sun_avugyywnswogxvlh.jpg'}, {'word': 'rabbit', 'image': '../static/stimuli/images/theater/sun_alttxbnfjyibouth.jpg'}, {'word': 'hay', 'image': '../static/stimuli/images/footballfield/sun_byyhmoxeyuabpnes.jpg'}, {'word': 'ear', 'image': '../static/stimuli/images/subway/sun_agpnhsuccwnvcjwe.jpg'}, {'word': 'door', 'image': '../static/stimuli/images/house/sun_awyiuqdptibtzfuh.jpg'}, {'word': 'duck', 'image': '../static/stimuli/images/sky/sun_aemltyubcdmxluwx.jpg', 'practice': True}, {'word': 'cat', 'image': '../static/stimuli/images/temple/sun_aeurbzlgbulzilum.jpg'}, {'word': 'bee', 'image': '../static/stimuli/images/musuem/sun_agblrnoilxeknben.jpg'}, {'word': 'cake', 'image': '../static/stimuli/images/auditorium/sun_ahxfbcfdtvgnrivf.jpg'}, {'word': 'computer', 'image': '../static/stimuli/images/campsite/sun_aommnycdukjoaebq.jpg'}, {'word': 'jeans', 'image': '../static/stimuli/images/airport/sun_axuntpkgfijknxde.jpg'}, {'word': 'heart', 'image': '../static/stimuli/images/ziggurat/sun_acuzsqtazskbhhve.jpg'}, {'word': 'dog', 'image': '../static/stimuli/images/restaurant/sun_aiyfhlpenzexmqoi.jpg', 'practice': True}, {'word': 'bone', 'image': '../static/stimuli/images/laundryroom/sun_abdhkuiitfxcgncb.jpg'}, {'word': 'bag', 'image': '../static/stimuli/images/roof/sun_acfajljanztkmhkr.jpg'}, {'word': 'bread', 'image': '../static/stimuli/images/skiresort/sun_agehhpppqkifjwhn.jpg'}, {'word': 'drink', 'image': '../static/stimuli/images/garage/sun_danujvtkymldhxqn.jpg'}, {'word': 'puzzle', 'image': '../static/stimuli/images/kitchen/sun_aizcycyyvgfcdnzp.jpg'}, {'word': 'milk', 'image': '../static/stimuli/images/grocery/sun_aczzweebuokhxnbb.jpg'}, {'word': 'toilet', 'image': '../static/stimuli/images/windmill/sun_adstnygbbvkhooog.jpg'}, {'word': 'hat', 'image': '../static/stimuli/images/vineyard/sun_aioxamlvtxhpnzzt.jpg'}, {'word': 'snake', 'image': '../static/stimuli/images/river/sun_amqajokwdeitilnd.jpg'}, {'word': 'pig', 'image': '../static/stimuli/images/downtown/sun_bshiuzzrrjsniwbh.jpg'}, {'word': 'flower', 'image': '../static/stimuli/images/computerroom/sun_aagspgyvjmoiytfb.jpg'}, {'word': 'lion', 'image': '../static/stimuli/images/underwater/sun_ajbkjsrhukffyqix.jpg'}, {'word': 'egg', 'image': '../static/stimuli/images/gym/sun_abcjjambqjxedqdv.jpg'}, {'word': 'sand', 'image': '../static/stimuli/images/tower/sun_afyekzxxqtpzgqni.jpg'}, {'word': 'truck', 'image': '../static/stimuli/images/greenhouse/sun_bncgstrupskxwget.jpg', 'practice': True}, {'word': 'bird', 'image': '../static/stimuli/images/bookstore/sun_azkcgugtqfaunxwq.jpg'}, {'word': 'candle', 'image': '../static/stimuli/images/forest/sun_atohvclowaousrfh.jpg'}, {'word': 'fence', 'image': '../static/stimuli/images/castle/sun_alevmcaohaqqwlic.jpg'}, {'word': 'nut', 'image': '../static/stimuli/images/volcano/sun_ausfbukcukjcqubc.jpg'}, {'word': 'apple', 'image': '../static/stimuli/images/pool/sun_aexdaltifheurhfa.jpg'}, {'word': 'window', 'image': '../static/stimuli/images/shoppingmall/sun_attlobbjfpnyzslo.jpg'}, {'word': 'bed', 'image': '../static/stimuli/images/tenniscourt/sun_auqykplyynyhxcas.jpg'}, {'word': 'horse', 'image': '../static/stimuli/images/street/sun_aadhshmrjrbucdky.jpg'}]",True,0.5619999999999997,v6.5C,0.0
w746a731,simple-recall,simple-recall-penalized,True,False,2000,15000,,5000,40,1,3,10,1,3,0.1,1,1,1,0.25,True,100,False,False,"[{'word': 'lion', 'image': '../static/stimuli/images/skiresort/sun_aijypnsissxbdxyj.jpg'}, {'word': 'bag', 'image': '../static/stimuli/images/pool/sun_abmafiafisngvteo.jpg', 'practice': True}, {'word': 'ear', 'image': '../static/stimuli/images/kitchen/sun_avlgzqfdedxwbiei.jpg'}, {'word': 'milk', 'image': '../static/stimuli/images/footballfield/sun_byyhmoxeyuabpnes.jpg'}, {'word': 'snake', 'image': '../static/stimuli/images/house/sun_aangbuylfvckqqoo.jpg'}, {'word': 'jeans', 'image': '../static/stimuli/images/underwater/sun_asqdtehokuizoxnq.jpg'}, {'word': 'bee', 'image': '../static/stimuli/images/greenhouse/sun_bhxqibazllyrcpje.jpg'}, {'word': 'duck', 'image': '../static/stimuli/images/beach/sun_acbeypdvskqxwbrf.jpg'}, {'word': 'rabbit', 'image': '../static/stimuli/images/sky/sun_abbtimwgskvvaeps.jpg'}, {'word': 'computer', 'image': '../static/stimuli/images/airport/sun_aojbxgadgjyajeaw.jpg'}, {'word': 'fence', 'image': '../static/stimuli/images/forest/sun_augxrcssyuvvueda.jpg'}, {'word': 'cat', 'image': '../static/stimuli/images/grocery/sun_ahmoznrxomkgrris.jpg'}, {'word': 'door', 'image': '../static/stimuli/images/laundryroom/sun_aenyfwnevttqnhhe.jpg'}, {'word': 'window', 'image': '../static/stimuli/images/gym/sun_awstzxompuovdfck.jpg', 'practice': True}, {'word': 'flower', 'image': '../static/stimuli/images/garage/sun_djtxkmtcichrbudp.jpg'}, {'word': 'pig', 'image': '../static/stimuli/images/castle/sun_anlbycxbwyapqbza.jpg'}, {'word': 'sand', 'image': '../static/stimuli/images/theater/sun_alttxbnfjyibouth.jpg'}, {'word': 'bread', 'image': '../static/stimuli/images/temple/sun_avabexehmngnxjjr.jpg'}, {'word': 'heart', 'image': '../static/stimuli/images/tower/sun_afyekzxxqtpzgqni.jpg'}, {'word': 'hay', 'image': '../static/stimuli/images/waterfall/sun_adtiwvbnsxsyohuw.jpg'}, {'word': 'bird', 'image': '../static/stimuli/images/computerroom/sun_azkmsfiuzzekamsy.jpg'}, {'word': 'truck', 'image': '../static/stimuli/images/volcano/sun_aacjsxcwmkbgvpmb.jpg'}, {'word': 'dog', 'image': '../static/stimuli/images/river/sun_atesawsfypjpyefy.jpg'}, {'word': 'cake', 'image': '../static/stimuli/images/tenniscourt/sun_aizsvornuhzvyvhc.jpg'}, {'word': 'volcano', 'image': '../static/stimuli/images/ranch/sun_adlocewvkpbsaigj.jpg'}, {'word': 'horse', 'image': '../static/stimuli/images/railway/sun_atutomffrubpoiva.jpg'}, {'word': 'bed', 'image': '../static/stimuli/images/street/sun_avddlmbtwpvlxdol.jpg'}, {'word': 'toilet', 'image': '../static/stimuli/images/downtown/sun_acbmuljpyqdcboxt.jpg'}, {'word': 'potato', 'image': '../static/stimuli/images/bookstore/sun_arnqlbdckkrvjqjj.jpg'}, {'word': 'hat', 'image': '../static/stimuli/images/roof/sun_airvzklrdchyytiu.jpg'}, {'word': 'lawn', 'image': '../static/stimuli/images/campsite/sun_aommnycdukjoaebq.jpg'}, {'word': 'puzzle', 'image': '../static/stimuli/images/restaurant/sun_advrksojohxolufo.jpg'}, {'word': 'candle', 'image': '../static/stimuli/images/ziggurat/sun_agbaptlibgqhrwwn.jpg'}, {'word': 'bone', 'image': '../static/stimuli/images/warehouse/sun_abqmsdjgfgnjjgzm.jpg'}, {'word': 'apple', 'image': '../static/stimuli/images/vineyard/sun_aokkqrsxsvimuubo.jpg'}, {'word': 'bear', 'image': '../static/stimuli/images/musuem/sun_alsgupdkmpsptlos.jpg'}, {'word': 'eye', 'image': '../static/stimuli/images/auditorium/sun_ahcmaddzrcfxzuuz.jpg'}, {'word': 'egg', 'image': '../static/stimuli/images/subway/sun_axjlvqkyqahstpwg.jpg', 'practice': True}, {'word': 'drink', 'image': '../static/stimuli/images/shoppingmall/sun_aradyzjpmslqqakf.jpg'}, {'word': 'nut', 'image': '../static/stimuli/images/windmill/sun_arostrfeclmqdszk.jpg'}]",True,0.9220000000000004,v6.5C,7.0
w96a13ca,simple-recall,simple-recall-penalized,True,False,2000,15000,,5000,40,1,3,10,1,3,0.1,1,1,1,0.25,True,100,False,False,"[{'word': 'bird', 'image': '../static/stimuli/images/greenhouse/sun_bmkhcqoxkpbmqplr.jpg', 'practice': True}, {'word': 'hat', 'image': '../static/stimuli/images/garage/sun_dqhbnkldvcwhjinp.jpg'}, {'word': 'heart', 'image': '../static/stimuli/images/bookstore/sun_arnqlbdckkrvjqjj.jpg'}, {'word': 'bag', 'image': '../static/stimuli/images/theater/sun_abldnlzotzlgclky.jpg'}, {'word': 'bear', 'image': '../static/stimuli/images/tenniscourt/sun_abhryuvnxasmofva.jpg'}, {'word': 'toilet', 'image': '../static/stimuli/images/river/sun_amqajokwdeitilnd.jpg'}, {'word': 'milk', 'image': '../static/stimuli/images/castle/sun_alsmelmsufuoupht.jpg'}, {'word': 'potato', 'image': '../static/stimuli/images/auditorium/sun_akzbbqivzbpbnjbz.jpg'}, {'word': 'egg', 'image': '../static/stimuli/images/forest/sun_akxbwsrgnuadikod.jpg', 'practice': True}, {'word': 'ear', 'image': '../static/stimuli/images/house/sun_abcaoiwkiofeweig.jpg'}, {'word': 'volcano', 'image': '../static/stimuli/images/musuem/sun_ayrwspiydnlwhouo.jpg'}, {'word': 'bone', 'image': '../static/stimuli/images/grocery/sun_ahmoznrxomkgrris.jpg'}, {'word': 'candle', 'image': '../static/stimuli/images/computerroom/sun_aagspgyvjmoiytfb.jpg'}, {'word': 'snake', 'image': '../static/stimuli/images/downtown/sun_abosdjemftsczdvd.jpg'}, {'word': 'pig', 'image': '../static/stimuli/images/airport/sun_aojbxgadgjyajeaw.jpg'}, {'word': 'bee', 'image': '../static/stimuli/images/windmill/sun_acijpcruwskdzwbx.jpg'}, {'word': 'computer', 'image': '../static/stimuli/images/subway/sun_aoelchwqhnnizmrp.jpg'}, {'word': 'bread', 'image': '../static/stimuli/images/vineyard/sun_amazvkispkonazvz.jpg'}, {'word': 'flower', 'image': '../static/stimuli/images/beach/sun_aacgcodmtsyjjmbx.jpg'}, {'word': 'bed', 'image': '../static/stimuli/images/warehouse/sun_aboqyhgpfgwxwmut.jpg'}, {'word': 'jeans', 'image': '../static/stimuli/images/street/sun_aadhshmrjrbucdky.jpg'}, {'word': 'window', 'image': '../static/stimuli/images/footballfield/sun_bxvamckmwplxbzxz.jpg'}, {'word': 'puzzle', 'image': '../static/stimuli/images/railway/sun_avugyywnswogxvlh.jpg'}, {'word': 'sand', 'image': '../static/stimuli/images/laundryroom/sun_aloupfszgaghffll.jpg'}, {'word': 'lawn', 'image': '../static/stimuli/images/sky/sun_aemltyubcdmxluwx.jpg'}, {'word': 'lion', 'image': '../static/stimuli/images/gym/sun_abcjjambqjxedqdv.jpg'}, {'word': 'cake', 'image': '../static/stimuli/images/campsite/sun_arwteuvpegqctvcg.jpg'}, {'word': 'eye', 'image': '../static/stimuli/images/waterfall/sun_amyxrbqiudksvqun.jpg'}, {'word': 'cat', 'image': '../static/stimuli/images/shoppingmall/sun_ayhhurcrocmglxyx.jpg'}, {'word': 'hay', 'image': '../static/stimuli/images/volcano/sun_ausfbukcukjcqubc.jpg'}, {'word': 'drink', 'image': '../static/stimuli/images/kitchen/sun_aqeaevwwwjoqhzvl.jpg'}, {'word': 'dog', 'image': '../static/stimuli/images/underwater/sun_asqdtehokuizoxnq.jpg'}, {'word': 'nut', 'image': '../static/stimuli/images/skiresort/sun_aczexzwhbzruewdm.jpg'}, {'word': 'door', 'image': '../static/stimuli/images/roof/sun_ajxjjpvulhilcwcy.jpg'}, {'word': 'duck', 'image': '../static/stimuli/images/ranch/sun_ayvjppkciavpdbhs.jpg'}, {'word': 'rabbit', 'image': '../static/stimuli/images/tower/sun_amsimjdbtzyefqbh.jpg'}, {'word': 'apple', 'image': '../static/stimuli/images/temple/sun_ahuwbjbhgegvnlsq.jpg'}, {'word': 'fence', 'image': '../static/stimuli/images/ziggurat/sun_aenpmgoxmkmwaoiq.jpg'}, {'word': 'horse', 'image': '../static/stimuli/images/restaurant/sun_aiyfhlpenzexmqoi.jpg'}, {'word': 'truck', 'image': '../static/stimuli/images/pool/sun_aexdaltifheurhfa.jpg', 'practice': True}]",True,2.277000000000002,v6.5C,10.0
w06d48c0,simple-recall,simple-recall-penalized,True,False,2000,15000,,5000,40,1,3,10,1,3,0.1,1,1,1,0.25,True,100,False,False,"[{'word': 'bag', 'image': '../static/stimuli/images/sky/sun_agpvigtqjmmxbzwp.jpg'}, {'word': 'cake', 'image': '../static/stimuli/images/volcano/sun_aetnikjhplqgsznx.jpg'}, {'word': 'toilet', 'image': '../static/stimuli/images/windmill/sun_awjnichhcaunlnrz.jpg'}, {'word': 'pig', 'image': '../static/stimuli/images/street/sun_avddlmbtwpvlxdol.jpg'}, {'word': 'flower', 'image': '../static/stimuli/images/house/sun_azzyyehcunxuhihg.jpg'}, {'word': 'bed', 'image': '../static/stimuli/images/garage/sun_daivjtyepudsqerl.jpg'}, {'word': 'computer', 'image': '../static/stimuli/images/warehouse/sun_aibppakephiqqqrb.jpg'}, {'word': 'egg', 'image': '../static/stimuli/images/underwater/sun_axbjbqawtejfugwt.jpg'}, {'word': 'nut', 'image': '../static/stimuli/images/laundryroom/sun_acnrhsgylwftewpq.jpg'}, {'word': 'apple', 'image': '../static/stimuli/images/downtown/sun_bzwgvgvsqqpbjfwc.jpg'}, {'word': 'duck', 'image': '../static/stimuli/images/theater/sun_abldnlzotzlgclky.jpg'}, {'word': 'volcano', 'image': '../static/stimuli/images/pool/sun_aztsporcpcmiibon.jpg'}, {'word': 'hat', 'image': '../static/stimuli/images/gym/sun_auzbqfsaebhgtrig.jpg'}, {'word': 'hay', 'image': '../static/stimuli/images/musuem/sun_asxfpkysdohbethd.jpg'}, {'word': 'lawn', 'image': '../static/stimuli/images/roof/sun_acebhjdzsytwpmoj.jpg'}, {'word': 'milk', 'image': '../static/stimuli/images/temple/sun_aiqyivjtsjhjgqur.jpg', 'practice': True}, {'word': 'snake', 'image': '../static/stimuli/images/tenniscourt/sun_abhryuvnxasmofva.jpg'}, {'word': 'sand', 'image': '../static/stimuli/images/railway/sun_atutomffrubpoiva.jpg'}, {'word': 'bread', 'image': '../static/stimuli/images/ziggurat/sun_amuijzzaceciuwpo.jpg'}, {'word': 'heart', 'image': '../static/stimuli/images/castle/sun_apbjjqvsvrybtdua.jpg'}, {'word': 'horse', 'image': '../static/stimuli/images/subway/sun_aoelchwqhnnizmrp.jpg'}, {'word': 'ear', 'image': '../static/stimuli/images/forest/sun_arwykvgzpgybhibg.jpg'}, {'word': 'eye', 'image': '../static/stimuli/images/beach/sun_aacgcodmtsyjjmbx.jpg'}, {'word': 'door', 'image': '../static/stimuli/images/river/sun_ahmmzoezbuevqzjm.jpg'}, {'word': 'bird', 'image': '../static/stimuli/images/greenhouse/sun_apjhtwdcpezmnlze.jpg'}, {'word': 'jeans', 'image': '../static/stimuli/images/auditorium/sun_aiheutdgogkujwri.jpg'}, {'word': 'dog', 'image': '../static/stimuli/images/tower/sun_asjapgpmkkhijtma.jpg'}, {'word': 'window', 'image': '../static/stimuli/images/restaurant/sun_aiyfhlpenzexmqoi.jpg'}, {'word': 'puzzle', 'image': '../static/stimuli/images/computerroom/sun_akcjvpjqukkdanyo.jpg'}, {'word': 'bone', 'image': '../static/stimuli/images/waterfall/sun_acijjmbhzvfdnsrt.jpg'}, {'word': 'candle', 'image': '../static/stimuli/images/vineyard/sun_aotjqpvjaukupppc.jpg'}, {'word': 'cat', 'image': '../static/stimuli/images/bookstore/sun_avqoszezjldwidcy.jpg'}, {'word': 'fence', 'image': '../static/stimuli/images/footballfield/sun_afihcbvbdxmnexyh.jpg'}, {'word': 'drink', 'image': '../static/stimuli/images/shoppingmall/sun_attlobbjfpnyzslo.jpg', 'practice': True}, {'word': 'lion', 'image': '../static/stimuli/images/airport/sun_axyoqqhxaeocbixs.jpg', 'practice': True}, {'word': 'potato', 'image': '../static/stimuli/images/skiresort/sun_aijypnsissxbdxyj.jpg'}, {'word': 'rabbit', 'image': '../static/stimuli/images/kitchen/sun_akzumputqvdvtqbq.jpg'}, {'word': 'bear', 'image': '../static/stimuli/images/ranch/sun_ajxvkybqisznlxgg.jpg'}, {'word': 'truck', 'image': '../static/stimuli/images/campsite/sun_ahvodfpzghaczear.jpg'}, {'word': 'bee', 'image': '../static/stimuli/images/grocery/sun_afjotbibjndyibuy.jpg'}]",True,2.329000000000001,v6.5C,9.0
w5d22b20,simple-recall,simple-recall-penalized,True,False,2000,15000,,5000,40,1,3,10,1,3,0.1,1,1,1,0.25,True,100,False,False,"[{'word': 'bear', 'image': '../static/stimuli/images/footballfield/sun_afuzusgbewygvixv.jpg'}, {'word': 'bag', 'image': '../static/stimuli/images/temple/sun_aeurbzlgbulzilum.jpg'}, {'word': 'snake', 'image': '../static/stimuli/images/volcano/sun_aacjsxcwmkbgvpmb.jpg'}, {'word': 'cat', 'image': '../static/stimuli/images/river/sun_amqajokwdeitilnd.jpg', 'practice': True}, {'word': 'milk', 'image': '../static/stimuli/images/windmill/sun_agijhczjktkzvxys.jpg'}, {'word': 'pig', 'image': '../static/stimuli/images/airport/sun_aqogketumcqznmzs.jpg'}, {'word': 'lawn', 'image': '../static/stimuli/images/warehouse/sun_ainoacwsquefrlbr.jpg'}, {'word': 'nut', 'image': '../static/stimuli/images/tenniscourt/sun_abhryuvnxasmofva.jpg'}, {'word': 'truck', 'image': '../static/stimuli/images/computerroom/sun_ashjjvtrfwzoxxij.jpg'}, {'word': 'flower', 'image': '../static/stimuli/images/street/sun_aqzrscvtljhimvtf.jpg'}, {'word': 'heart', 'image': '../static/stimuli/images/kitchen/sun_asrcfjusjydonoin.jpg'}, {'word': 'potato', 'image': '../static/stimuli/images/ziggurat/sun_adajysluigplgxal.jpg'}, {'word': 'drink', 'image': '../static/stimuli/images/bookstore/sun_aibnpvhkdpdnzcnz.jpg'}, {'word': 'apple', 'image': '../static/stimuli/images/musuem/sun_asxfpkysdohbethd.jpg'}, {'word': 'bee', 'image': '../static/stimuli/images/beach/sun_aabhqzsffoeycgje.jpg'}, {'word': 'sand', 'image': '../static/stimuli/images/downtown/sun_axbzajoxhnjergfp.jpg'}, {'word': 'rabbit', 'image': '../static/stimuli/images/skiresort/sun_agpfoakkwrzedbll.jpg'}, {'word': 'puzzle', 'image': '../static/stimuli/images/railway/sun_aqlgoveofhhmvrdh.jpg', 'practice': True}, {'word': 'jeans', 'image': '../static/stimuli/images/restaurant/sun_agizngsilvvsycgq.jpg'}, {'word': 'bone', 'image': '../static/stimuli/images/sky/sun_awdlpzaohypbcfjk.jpg'}, {'word': 'window', 'image': '../static/stimuli/images/vineyard/sun_aicvecccjhfzcjnt.jpg'}, {'word': 'ear', 'image': '../static/stimuli/images/grocery/sun_attfybmngdqnppeu.jpg'}, {'word': 'egg', 'image': '../static/stimuli/images/laundryroom/sun_acnrhsgylwftewpq.jpg'}, {'word': 'fence', 'image': '../static/stimuli/images/house/sun_aswyksckmfyarwfk.jpg'}, {'word': 'lion', 'image': '../static/stimuli/images/tower/sun_asjapgpmkkhijtma.jpg'}, {'word': 'horse', 'image': '../static/stimuli/images/castle/sun_aoguwxhjirnhxsgn.jpg'}, {'word': 'bird', 'image': '../static/stimuli/images/subway/sun_alfhdavatfhkuxyo.jpg', 'practice': True}, {'word': 'hay', 'image': '../static/stimuli/images/waterfall/sun_acmlcxobalurtcmq.jpg'}, {'word': 'bread', 'image': '../static/stimuli/images/shoppingmall/sun_avicxzccipgymejx.jpg'}, {'word': 'volcano', 'image': '../static/stimuli/images/ranch/sun_acianlkkblpqgica.jpg'}, {'word': 'door', 'image': '../static/stimuli/images/pool/sun_abmafiafisngvteo.jpg'}, {'word': 'toilet', 'image': '../static/stimuli/images/roof/sun_acebhjdzsytwpmoj.jpg'}, {'word': 'cake', 'image': '../static/stimuli/images/greenhouse/sun_bhxqibazllyrcpje.jpg'}, {'word': 'eye', 'image': '../static/stimuli/images/theater/sun_acpdepnxayyyjqgs.jpg'}, {'word': 'dog', 'image': '../static/stimuli/images/campsite/sun_aommnycdukjoaebq.jpg'}, {'word': 'hat', 'image': '../static/stimuli/images/gym/sun_auzbqfsaebhgtrig.jpg'}, {'word': 'candle', 'image': '../static/stimuli/images/underwater/sun_ajzucqttdjcknlvx.jpg'}, {'word': 'computer', 'image': '../static/stimuli/images/auditorium/sun_ahwuhefoqkvitxnk.jpg'}, {'word': 'bed', 'image': '../static/stimuli/images/forest/sun_avyyymflzsdrwgbe.jpg'}, {'word': 'duck', 'image': '../static/stimuli/images/garage/sun_danujvtkymldhxqn.jpg'}]",True,1.1590000000000005,v6.5C,7.0
w95f8186,simple-recall,simple-recall-penalized,True,False,2000,15000,,5000,40,1,3,10,1,3,0.1,1,1,1,0.25,True,100,False,False,"[{'word': 'truck', 'image': '../static/stimuli/images/volcano/sun_atcuupfdqteblxpx.jpg', 'practice': True}, {'word': 'egg', 'image': '../static/stimuli/images/railway/sun_atutomffrubpoiva.jpg'}, {'word': 'jeans', 'image': '../static/stimuli/images/temple/sun_asirkyjruyeentuc.jpg'}, {'word': 'snake', 'image': '../static/stimuli/images/skiresort/sun_agpfoakkwrzedbll.jpg'}, {'word': 'bee', 'image': '../static/stimuli/images/street/sun_avxrcniddstcuuuc.jpg'}, {'word': 'rabbit', 'image': '../static/stimuli/images/airport/sun_aqytxlpqgdgggfum.jpg'}, {'word': 'sand', 'image': '../static/stimuli/images/tower/sun_avnkmtvvzgltezto.jpg'}, {'word': 'computer', 'image': '../static/stimuli/images/forest/sun_almbxcurjahdxery.jpg'}, {'word': 'window', 'image': '../static/stimuli/images/restaurant/sun_aiyfhlpenzexmqoi.jpg'}, {'word': 'eye', 'image': '../static/stimuli/images/vineyard/sun_agfdrmftdzokxtnc.jpg'}, {'word': 'bread', 'image': '../static/stimuli/images/underwater/sun_aufltyunbkquxrih.jpg'}, {'word': 'fence', 'image': '../static/stimuli/images/waterfall/sun_albucmtmstcfpynn.jpg'}, {'word': 'puzzle', 'image': '../static/stimuli/images/grocery/sun_ajfkrdilcurxubxd.jpg'}, {'word': 'dog', 'image': '../static/stimuli/images/laundryroom/sun_dgpgttfvjctszkzz.jpg'}, {'word': 'bag', 'image': '../static/stimuli/images/ziggurat/sun_agbaptlibgqhrwwn.jpg'}, {'word': 'ear', 'image': '../static/stimuli/images/windmill/sun_acijpcruwskdzwbx.jpg'}, {'word': 'duck', 'image': '../static/stimuli/images/kitchen/sun_asrcfjusjydonoin.jpg'}, {'word': 'drink', 'image': '../static/stimuli/images/auditorium/sun_ahcmaddzrcfxzuuz.jpg'}, {'word': 'cake', 'image': '../static/stimuli/images/warehouse/sun_aivgpdzlwqiklrwe.jpg'}, {'word': 'lion', 'image': '../static/stimuli/images/theater/sun_acpdepnxayyyjqgs.jpg'}, {'word': 'apple', 'image': '../static/stimuli/images/musuem/sun_atiiscmhrcnttlop.jpg'}, {'word': 'pig', 'image': '../static/stimuli/images/subway/sun_amwmhabnpkxinmtz.jpg'}, {'word': 'lawn', 'image': '../static/stimuli/images/castle/sun_anlbycxbwyapqbza.jpg'}, {'word': 'bird', 'image': '../static/stimuli/images/sky/sun_alpjwwozdavjucpu.jpg'}, {'word': 'hat', 'image': '../static/stimuli/images/tenniscourt/sun_awnhgqbxdcyrgqvn.jpg'}, {'word': 'cat', 'image': '../static/stimuli/images/campsite/sun_azvxwxzbkknkggng.jpg'}, {'word': 'hay', 'image': '../static/stimuli/images/footballfield/sun_afuzusgbewygvixv.jpg'}, {'word': 'door', 'image': '../static/stimuli/images/beach/sun_aafwmyqvqgtvdkce.jpg'}, {'word': 'bed', 'image': '../static/stimuli/images/bookstore/sun_avsybhiblxqxcayh.jpg', 'practice': True}, {'word': 'flower', 'image': '../static/stimuli/images/computerroom/sun_aknbqkyjmltzjpuf.jpg'}, {'word': 'nut', 'image': '../static/stimuli/images/gym/sun_aljefikdfqefidfc.jpg', 'practice': True}, {'word': 'toilet', 'image': '../static/stimuli/images/downtown/sun_bzwgvgvsqqpbjfwc.jpg'}, {'word': 'milk', 'image': '../static/stimuli/images/shoppingmall/sun_aeqagrktttxaasae.jpg'}, {'word': 'potato', 'image': '../static/stimuli/images/garage/sun_daivjtyepudsqerl.jpg'}, {'word': 'horse', 'image': '../static/stimuli/images/greenhouse/sun_bmkhcqoxkpbmqplr.jpg'}, {'word': 'bone', 'image': '../static/stimuli/images/river/sun_advruofhmqeyqmbx.jpg'}, {'word': 'bear', 'image': '../static/stimuli/images/roof/sun_airvzklrdchyytiu.jpg'}, {'word': 'volcano', 'image': '../static/stimuli/images/pool/sun_aelfhlyhvuglfcha.jpg'}, {'word': 'candle', 'image': '../static/stimuli/images/house/sun_awyiuqdptibtzfuh.jpg'}, {'word': 'heart', 'image': '../static/stimuli/images/ranch/sun_amqejeymhjlanyvr.jpg'}]",True,1.0620000000000005,v6.5C,8.0
w09542f1,simple-recall,simple-recall-penalized,True,False,2000,15000,,5000,40,1,3,10,1,3,0.1,1,1,1,0.25,True,100,False,False,"[{'word': 'bone', 'image': '../static/stimuli/images/grocery/sun_acmmgshfrxgopxlk.jpg'}, {'word': 'eye', 'image': '../static/stimuli/images/volcano/sun_amntiizmakyntrnx.jpg'}, {'word': 'potato', 'image': '../static/stimuli/images/castle/sun_alsmelmsufuoupht.jpg'}, {'word': 'volcano', 'image': '../static/stimuli/images/subway/sun_apgdazdsggmnohcz.jpg'}, {'word': 'truck', 'image': '../static/stimuli/images/shoppingmall/sun_asbknkxckcdqmjml.jpg'}, {'word': 'nut', 'image': '../static/stimuli/images/river/sun_amqajokwdeitilnd.jpg'}, {'word': 'puzzle', 'image': '../static/stimuli/images/theater/sun_augboomebjfniikq.jpg'}, {'word': 'window', 'image': '../static/stimuli/images/sky/sun_aczjsyhtqawbyyer.jpg'}, {'word': 'candle', 'image': '../static/stimuli/images/ziggurat/sun_apdphtulomykrqoa.jpg'}, {'word': 'horse', 'image': '../static/stimuli/images/railway/sun_axeddylwawkspiuo.jpg'}, {'word': 'ear', 'image': '../static/stimuli/images/kitchen/sun_axvexejcndazoqxl.jpg'}, {'word': 'fence', 'image': '../static/stimuli/images/warehouse/sun_aibppakephiqqqrb.jpg'}, {'word': 'lawn', 'image': '../static/stimuli/images/pool/sun_aexdaltifheurhfa.jpg'}, {'word': 'bag', 'image': '../static/stimuli/images/beach/sun_aabhqzsffoeycgje.jpg'}, {'word': 'bee', 'image': '../static/stimuli/images/musuem/sun_atiiscmhrcnttlop.jpg'}, {'word': 'computer', 'image': '../static/stimuli/images/airport/sun_axuntpkgfijknxde.jpg'}, {'word': 'bear', 'image': '../static/stimuli/images/computerroom/sun_adsueslplqfnwvqd.jpg'}, {'word': 'rabbit', 'image': '../static/stimuli/images/windmill/sun_acijpcruwskdzwbx.jpg'}, {'word': 'bed', 'image': '../static/stimuli/images/footballfield/sun_afihcbvbdxmnexyh.jpg'}, {'word': 'heart', 'image': '../static/stimuli/images/ranch/sun_airsfxbouimobamd.jpg'}, {'word': 'hat', 'image': '../static/stimuli/images/forest/sun_abvrazjxgpqhvszy.jpg'}, {'word': 'bread', 'image': '../static/stimuli/images/auditorium/sun_ahxfbcfdtvgnrivf.jpg'}, {'word': 'pig', 'image': '../static/stimuli/images/house/sun_aahrslvfecptaudk.jpg'}, {'word': 'drink', 'image': '../static/stimuli/images/garage/sun_delfxfnqyuiaselp.jpg'}, {'word': 'cake', 'image': '../static/stimuli/images/tenniscourt/sun_ajmzjgescxgcfhdp.jpg'}, {'word': 'bird', 'image': '../static/stimuli/images/downtown/sun_abosdjemftsczdvd.jpg'}, {'word': 'toilet', 'image': '../static/stimuli/images/bookstore/sun_aauabdbreuzsnnrv.jpg'}, {'word': 'cat', 'image': '../static/stimuli/images/skiresort/sun_aczexzwhbzruewdm.jpg'}, {'word': 'flower', 'image': '../static/stimuli/images/gym/sun_appsvbfzhwrmtrje.jpg'}, {'word': 'sand', 'image': '../static/stimuli/images/tower/sun_augaqwzgrksvvsgf.jpg'}, {'word': 'jeans', 'image': '../static/stimuli/images/roof/sun_atghhbuspyfvqzao.jpg'}, {'word': 'milk', 'image': '../static/stimuli/images/restaurant/sun_agxfoksoiibofpna.jpg'}, {'word': 'egg', 'image': '../static/stimuli/images/waterfall/sun_acijjmbhzvfdnsrt.jpg', 'practice': True}, {'word': 'hay', 'image': '../static/stimuli/images/laundryroom/sun_amdxqjichaqshdel.jpg'}, {'word': 'apple', 'image': '../static/stimuli/images/temple/sun_aapfmtbuxevwbxck.jpg'}, {'word': 'door', 'image': '../static/stimuli/images/underwater/sun_ajzucqttdjcknlvx.jpg'}, {'word': 'lion', 'image': '../static/stimuli/images/greenhouse/sun_bncgstrupskxwget.jpg'}, {'word': 'snake', 'image': '../static/stimuli/images/campsite/sun_arwteuvpegqctvcg.jpg'}, {'word': 'dog', 'image': '../static/stimuli/images/vineyard/sun_aotjqpvjaukupppc.jpg', 'practice': True}, {'word': 'duck', 'image': '../static/stimuli/images/street/sun_aczwveqpgvcxtjxr.jpg', 'practice': True}]",True,1.6359999999999997,v6.5C,8.0
w3edf426,simple-recall,simple-recall-penalized,True,False,2000,15000,,5000,40,1,3,10,1,3,0.1,1,1,1,0.25,True,100,False,False,"[{'word': 'bed', 'image': '../static/stimuli/images/bookstore/sun_aauabdbreuzsnnrv.jpg'}, {'word': 'bee', 'image': '../static/stimuli/images/auditorium/sun_almcaxysfdwizxac.jpg'}, {'word': 'egg', 'image': '../static/stimuli/images/tenniscourt/sun_abhryuvnxasmofva.jpg'}, {'word': 'computer', 'image': '../static/stimuli/images/skiresort/sun_agpfoakkwrzedbll.jpg'}, {'word': 'hay', 'image': '../static/stimuli/images/waterfall/sun_ajezvlkzdsjjdnjm.jpg'}, {'word': 'bird', 'image': '../static/stimuli/images/kitchen/sun_aibgyrlkgcnwvhxl.jpg'}, {'word': 'snake', 'image': '../static/stimuli/images/gym/sun_arcsudfqyrphzccy.jpg'}, {'word': 'bag', 'image': '../static/stimuli/images/windmill/sun_avyfornqjbraqqsf.jpg'}, {'word': 'toilet', 'image': '../static/stimuli/images/laundryroom/sun_aaawhgdexmmzrdci.jpg'}, {'word': 'cat', 'image': '../static/stimuli/images/railway/sun_acfjiedtgqzgvtnp.jpg'}, {'word': 'flower', 'image': '../static/stimuli/images/roof/sun_awyytziajjpreuke.jpg'}, {'word': 'potato', 'image': '../static/stimuli/images/garage/sun_davtjcuielbxnyza.jpg'}, {'word': 'window', 'image': '../static/stimuli/images/restaurant/sun_anyzuaevahatwgti.jpg'}, {'word': 'hat', 'image': '../static/stimuli/images/footballfield/sun_aedcjgjztgoialpm.jpg'}, {'word': 'lion', 'image': '../static/stimuli/images/street/sun_aqzrscvtljhimvtf.jpg', 'practice': True}, {'word': 'bone', 'image': '../static/stimuli/images/shoppingmall/sun_aradyzjpmslqqakf.jpg'}, {'word': 'truck', 'image': '../static/stimuli/images/airport/sun_axuntpkgfijknxde.jpg'}, {'word': 'ear', 'image': '../static/stimuli/images/downtown/sun_ahwvhnliokuzkazb.jpg', 'practice': True}, {'word': 'volcano', 'image': '../static/stimuli/images/underwater/sun_aojrtoikxmtgzchi.jpg'}, {'word': 'fence', 'image': '../static/stimuli/images/pool/sun_aelfhlyhvuglfcha.jpg'}, {'word': 'drink', 'image': '../static/stimuli/images/grocery/sun_atlvleypygwzuszx.jpg'}, {'word': 'puzzle', 'image': '../static/stimuli/images/beach/sun_aafwmyqvqgtvdkce.jpg'}, {'word': 'rabbit', 'image': '../static/stimuli/images/musuem/sun_aqrchpiffnzkysmc.jpg'}, {'word': 'milk', 'image': '../static/stimuli/images/sky/sun_agaqzpqhbcmmvisy.jpg'}, {'word': 'dog', 'image': '../static/stimuli/images/volcano/sun_abmqyijpgbakeqkm.jpg'}, {'word': 'sand', 'image': '../static/stimuli/images/river/sun_aztombwyhubhaynq.jpg'}, {'word': 'apple', 'image': '../static/stimuli/images/theater/sun_augboomebjfniikq.jpg'}, {'word': 'jeans', 'image': '../static/stimuli/images/ranch/sun_ajrpvgxcgeblwooh.jpg'}, {'word': 'bread', 'image': '../static/stimuli/images/ziggurat/sun_agbaptlibgqhrwwn.jpg'}, {'word': 'nut', 'image': '../static/stimuli/images/vineyard/sun_adcctdabyxmhioeg.jpg'}, {'word': 'horse', 'image': '../static/stimuli/images/forest/sun_atohvclowaousrfh.jpg', 'practice': True}, {'word': 'bear', 'image': '../static/stimuli/images/campsite/sun_agkgjmhhyqowlmdm.jpg'}, {'word': 'door', 'image': '../static/stimuli/images/temple/sun_aiqyivjtsjhjgqur.jpg'}, {'word': 'pig', 'image': '../static/stimuli/images/warehouse/sun_aibppakephiqqqrb.jpg'}, {'word': 'lawn', 'image': '../static/stimuli/images/subway/sun_agpnhsuccwnvcjwe.jpg'}, {'word': 'duck', 'image': '../static/stimuli/images/computerroom/sun_atznfxhjiiugbvxi.jpg'}, {'word': 'cake', 'image': '../static/stimuli/images/house/sun_awvfftwqwfbjqmmu.jpg'}, {'word': 'heart', 'image': '../static/stimuli/images/greenhouse/sun_apjhtwdcpezmnlze.jpg'}, {'word': 'candle', 'image': '../static/stimuli/images/tower/sun_asjapgpmkkhijtma.jpg'}, {'word': 'eye', 'image': '../static/stimuli/images/castle/sun_aqdmndojwupcntcn.jpg'}]",True,0.6359999999999996,v6.5C,4.0
w27a4fd5,simple-recall,simple-recall-penalized,True,False,2000,15000,,5000,40,1,3,10,1,3,0.1,1,1,1,0.25,True,100,False,False,"[{'word': 'cat', 'image': '../static/stimuli/images/underwater/sun_axbjbqawtejfugwt.jpg'}, {'word': 'bear', 'image': '../static/stimuli/images/greenhouse/sun_bncgstrupskxwget.jpg'}, {'word': 'duck', 'image': '../static/stimuli/images/ziggurat/sun_aenpmgoxmkmwaoiq.jpg'}, {'word': 'horse', 'image': '../static/stimuli/images/sky/sun_awdlpzaohypbcfjk.jpg'}, {'word': 'bone', 'image': '../static/stimuli/images/shoppingmall/sun_abegyiikvbaqpooh.jpg'}, {'word': 'bed', 'image': '../static/stimuli/images/tower/sun_abxucdjovctfgknh.jpg'}, {'word': 'toilet', 'image': '../static/stimuli/images/kitchen/sun_akzumputqvdvtqbq.jpg'}, {'word': 'volcano', 'image': '../static/stimuli/images/tenniscourt/sun_aczifhfuxagmsqub.jpg'}, {'word': 'hat', 'image': '../static/stimuli/images/ranch/sun_amqejeymhjlanyvr.jpg'}, {'word': 'flower', 'image': '../static/stimuli/images/garage/sun_daivjtyepudsqerl.jpg'}, {'word': 'lawn', 'image': '../static/stimuli/images/campsite/sun_agkgjmhhyqowlmdm.jpg'}, {'word': 'door', 'image': '../static/stimuli/images/street/sun_aczwveqpgvcxtjxr.jpg'}, {'word': 'window', 'image': '../static/stimuli/images/bookstore/sun_aalyndhausktwxbc.jpg'}, {'word': 'drink', 'image': '../static/stimuli/images/vineyard/sun_adcctdabyxmhioeg.jpg'}, {'word': 'hay', 'image': '../static/stimuli/images/musuem/sun_akxippvbzxkxmejj.jpg', 'practice': True}, {'word': 'apple', 'image': '../static/stimuli/images/beach/sun_aaapvfgggrgorgox.jpg'}, {'word': 'snake', 'image': '../static/stimuli/images/grocery/sun_agipdkpovnqrcsgh.jpg'}, {'word': 'cake', 'image': '../static/stimuli/images/railway/sun_aqddawzjzkqycxjc.jpg'}, {'word': 'nut', 'image': '../static/stimuli/images/pool/sun_aexdaltifheurhfa.jpg', 'practice': True}, {'word': 'potato', 'image': '../static/stimuli/images/windmill/sun_adstnygbbvkhooog.jpg'}, {'word': 'lion', 'image': '../static/stimuli/images/airport/sun_aelkzcvlquyyzxlu.jpg'}, {'word': 'bee', 'image': '../static/stimuli/images/theater/sun_acpdepnxayyyjqgs.jpg'}, {'word': 'heart', 'image': '../static/stimuli/images/temple/sun_ardesvcosqecvbes.jpg'}, {'word': 'jeans', 'image': '../static/stimuli/images/restaurant/sun_afgriceqykrjokmt.jpg'}, {'word': 'pig', 'image': '../static/stimuli/images/subway/sun_abufzioeatuizeoh.jpg'}, {'word': 'computer', 'image': '../static/stimuli/images/river/sun_amqajokwdeitilnd.jpg'}, {'word': 'ear', 'image': '../static/stimuli/images/castle/sun_apkncxxjepzqmdyk.jpg'}, {'word': 'candle', 'image': '../static/stimuli/images/house/sun_admwlghhtfixlbsf.jpg'}, {'word': 'eye', 'image': '../static/stimuli/images/auditorium/sun_almcaxysfdwizxac.jpg'}, {'word': 'bread', 'image': '../static/stimuli/images/warehouse/sun_aboqyhgpfgwxwmut.jpg'}, {'word': 'fence', 'image': '../static/stimuli/images/skiresort/sun_adyplaxglzqyoynb.jpg'}, {'word': 'dog', 'image': '../static/stimuli/images/roof/sun_aqxzijexicadnjja.jpg'}, {'word': 'bird', 'image': '../static/stimuli/images/forest/sun_anfpmkqemzwfixbm.jpg'}, {'word': 'puzzle', 'image': '../static/stimuli/images/footballfield/sun_afuzusgbewygvixv.jpg', 'practice': True}, {'word': 'sand', 'image': '../static/stimuli/images/waterfall/sun_awrontvhyysjfacv.jpg'}, {'word': 'rabbit', 'image': '../static/stimuli/images/downtown/sun_bubeehcgngkyqymr.jpg'}, {'word': 'milk', 'image': '../static/stimuli/images/volcano/sun_amntiizmakyntrnx.jpg'}, {'word': 'truck', 'image': '../static/stimuli/images/computerroom/sun_ajcvdokgzllibdsg.jpg'}, {'word': 'egg', 'image': '../static/stimuli/images/gym/sun_auzbqfsaebhgtrig.jpg'}, {'word': 'bag', 'image': '../static/stimuli/images/laundryroom/sun_aaawhgdexmmzrdci.jpg'}]",True,1.381,v6.5C,7.0
w5f3edf5,simple-recall,simple-recall-penalized,True,False,2000,15000,,5000,40,1,3,10,1,3,0.1,1,1,1,0.25,True,100,False,False,"[{'word': 'lawn', 'image': '../static/stimuli/images/auditorium/sun_ahwnrxacspjqqqfm.jpg'}, {'word': 'potato', 'image': '../static/stimuli/images/railway/sun_acfjiedtgqzgvtnp.jpg'}, {'word': 'computer', 'image': '../static/stimuli/images/forest/sun_almbxcurjahdxery.jpg'}, {'word': 'door', 'image': '../static/stimuli/images/windmill/sun_adstnygbbvkhooog.jpg'}, {'word': 'puzzle', 'image': '../static/stimuli/images/laundryroom/sun_adldglebrfdkcxwu.jpg'}, {'word': 'egg', 'image': '../static/stimuli/images/underwater/sun_asqdtehokuizoxnq.jpg'}, {'word': 'bee', 'image': '../static/stimuli/images/castle/sun_apkncxxjepzqmdyk.jpg'}, {'word': 'horse', 'image': '../static/stimuli/images/tower/sun_afyekzxxqtpzgqni.jpg'}, {'word': 'window', 'image': '../static/stimuli/images/ranch/sun_aychrlbscvbnniew.jpg'}, {'word': 'truck', 'image': '../static/stimuli/images/volcano/sun_atcuupfdqteblxpx.jpg'}, {'word': 'bread', 'image': '../static/stimuli/images/ziggurat/sun_apdphtulomykrqoa.jpg'}, {'word': 'candle', 'image': '../static/stimuli/images/skiresort/sun_ancomucdrbxydgbi.jpg'}, {'word': 'flower', 'image': '../static/stimuli/images/downtown/sun_acbmuljpyqdcboxt.jpg'}, {'word': 'bag', 'image': '../static/stimuli/images/kitchen/sun_avlgzqfdedxwbiei.jpg'}, {'word': 'toilet', 'image': '../static/stimuli/images/gym/sun_akhyzejtqpynaepu.jpg'}, {'word': 'dog', 'image': '../static/stimuli/images/footballfield/sun_afuzusgbewygvixv.jpg'}, {'word': 'milk', 'image': '../static/stimuli/images/grocery/sun_ahmoznrxomkgrris.jpg'}, {'word': 'snake', 'image': '../static/stimuli/images/garage/sun_djtxkmtcichrbudp.jpg'}, {'word': 'nut', 'image': '../static/stimuli/images/beach/sun_aawqdbpihmlbwyyn.jpg', 'practice': True}, {'word': 'lion', 'image': '../static/stimuli/images/sky/sun_aeglnxtxlevipkzh.jpg'}, {'word': 'bear', 'image': '../static/stimuli/images/airport/sun_axyoqqhxaeocbixs.jpg'}, {'word': 'rabbit', 'image': '../static/stimuli/images/street/sun_aqzrscvtljhimvtf.jpg'}, {'word': 'heart', 'image': '../static/stimuli/images/subway/sun_akifaegxlwcrziyq.jpg'}, {'word': 'hat', 'image': '../static/stimuli/images/tenniscourt/sun_ajmzjgescxgcfhdp.jpg'}, {'word': 'pig', 'image': '../static/stimuli/images/restaurant/sun_aiyfhlpenzexmqoi.jpg'}, {'word': 'bed', 'image': '../static/stimuli/images/musuem/sun_atiiscmhrcnttlop.jpg', 'practice': True}, {'word': 'eye', 'image': '../static/stimuli/images/vineyard/sun_apdbcyzwitltnzyz.jpg'}, {'word': 'cat', 'image': '../static/stimuli/images/theater/sun_alttxbnfjyibouth.jpg'}, {'word': 'bird', 'image': '../static/stimuli/images/roof/sun_asrztwexxagrlhem.jpg'}, {'word': 'duck', 'image': '../static/stimuli/images/bookstore/sun_aauabdbreuzsnnrv.jpg'}, {'word': 'volcano', 'image': '../static/stimuli/images/warehouse/sun_ahkbykndmtongifl.jpg'}, {'word': 'bone', 'image': '../static/stimuli/images/campsite/sun_ahvodfpzghaczear.jpg'}, {'word': 'apple', 'image': '../static/stimuli/images/house/sun_awyiuqdptibtzfuh.jpg'}, {'word': 'hay', 'image': '../static/stimuli/images/temple/sun_apdrdxoeskjgfrbj.jpg'}, {'word': 'fence', 'image': '../static/stimuli/images/pool/sun_abmafiafisngvteo.jpg'}, {'word': 'cake', 'image': '../static/stimuli/images/waterfall/sun_bbvrdmjbnzoaqrmp.jpg'}, {'word': 'drink', 'image': '../static/stimuli/images/greenhouse/sun_bxiwqwbzndahlxxp.jpg'}, {'word': 'sand', 'image': '../static/stimuli/images/river/sun_ahmmzoezbuevqzjm.jpg'}, {'word': 'ear', 'image': '../static/stimuli/images/computerroom/sun_ashjjvtrfwzoxxij.jpg', 'practice': True}, {'word': 'jeans', 'image': '../static/stimuli/images/shoppingmall/sun_avicxzccipgymejx.jpg'}]",True,1.6259999999999997,v6.5C,6.0
w61b0ebd,simple-recall,simple-recall-penalized,True,False,2000,15000,,5000,40,1,3,10,1,3,0.1,1,1,1,0.25,True,100,False,False,"[{'word': 'lawn', 'image': '../static/stimuli/images/subway/sun_alfhdavatfhkuxyo.jpg'}, {'word': 'lion', 'image': '../static/stimuli/images/gym/sun_agptlflfgabhuxym.jpg'}, {'word': 'candle', 'image': '../static/stimuli/images/street/sun_avxrcniddstcuuuc.jpg'}, {'word': 'pig', 'image': '../static/stimuli/images/railway/sun_aqlgoveofhhmvrdh.jpg'}, {'word': 'door', 'image': '../static/stimuli/images/volcano/sun_aojnxwnexkwltvvx.jpg'}, {'word': 'flower', 'image': '../static/stimuli/images/restaurant/sun_antpdwvuouhlqmvh.jpg'}, {'word': 'drink', 'image': '../static/stimuli/images/skiresort/sun_ahlksvwmghqfwqtw.jpg'}, {'word': 'volcano', 'image': '../static/stimuli/images/theater/sun_alttxbnfjyibouth.jpg', 'practice': True}, {'word': 'bag', 'image': '../static/stimuli/images/greenhouse/sun_bmkhcqoxkpbmqplr.jpg'}, {'word': 'window', 'image': '../static/stimuli/images/underwater/sun_axctpftepdlenuoo.jpg'}, {'word': 'bread', 'image': '../static/stimuli/images/computerroom/sun_aagspgyvjmoiytfb.jpg'}, {'word': 'nut', 'image': '../static/stimuli/images/tenniscourt/sun_auqykplyynyhxcas.jpg'}, {'word': 'ear', 'image': '../static/stimuli/images/ranch/sun_ayvjppkciavpdbhs.jpg', 'practice': True}, {'word': 'egg', 'image': '../static/stimuli/images/house/sun_aswyksckmfyarwfk.jpg'}, {'word': 'fence', 'image': '../static/stimuli/images/musuem/sun_aqrchpiffnzkysmc.jpg'}, {'word': 'jeans', 'image': '../static/stimuli/images/auditorium/sun_almcaxysfdwizxac.jpg'}, {'word': 'computer', 'image': '../static/stimuli/images/temple/sun_aaexbfhvrzmbsfus.jpg'}, {'word': 'bone', 'image': '../static/stimuli/images/pool/sun_aahnsyqkaacnevsz.jpg'}, {'word': 'puzzle', 'image': '../static/stimuli/images/footballfield/sun_aszinldqqvnpmwfh.jpg', 'practice': True}, {'word': 'snake', 'image': '../static/stimuli/images/downtown/sun_bshiuzzrrjsniwbh.jpg'}, {'word': 'cake', 'image': '../static/stimuli/images/garage/sun_davtjcuielbxnyza.jpg'}, {'word': 'apple', 'image': '../static/stimuli/images/vineyard/sun_axkbfhmkopqemnsq.jpg'}, {'word': 'hay', 'image': '../static/stimuli/images/castle/sun_alevmcaohaqqwlic.jpg'}, {'word': 'cat', 'image': '../static/stimuli/images/warehouse/sun_abqmsdjgfgnjjgzm.jpg'}, {'word': 'heart', 'image': '../static/stimuli/images/airport/sun_akhqgzrrubgnwzpa.jpg'}, {'word': 'bear', 'image': '../static/stimuli/images/campsite/sun_azvxwxzbkknkggng.jpg'}, {'word': 'duck', 'image': '../static/stimuli/images/laundryroom/sun_amdxqjichaqshdel.jpg'}, {'word': 'sand', 'image': '../static/stimuli/images/river/sun_awyqyxlrmqvjlwnd.jpg'}, {'word': 'toilet', 'image': '../static/stimuli/images/sky/sun_agpvigtqjmmxbzwp.jpg'}, {'word': 'potato', 'image': '../static/stimuli/images/grocery/sun_ajxqnbvuflmzhcig.jpg'}, {'word': 'milk', 'image': '../static/stimuli/images/tower/sun_asjapgpmkkhijtma.jpg'}, {'word': 'bird', 'image': '../static/stimuli/images/shoppingmall/sun_aradyzjpmslqqakf.jpg'}, {'word': 'hat', 'image': '../static/stimuli/images/ziggurat/fig1.png'}, {'word': 'rabbit', 'image': '../static/stimuli/images/kitchen/sun_alazdvaixpjtegwg.jpg'}, {'word': 'bee', 'image': '../static/stimuli/images/beach/sun_aafwmyqvqgtvdkce.jpg'}, {'word': 'dog', 'image': '../static/stimuli/images/roof/sun_awskptrfuzjyjwes.jpg'}, {'word': 'horse', 'image': '../static/stimuli/images/windmill/sun_acijpcruwskdzwbx.jpg'}, {'word': 'eye', 'image': '../static/stimuli/images/waterfall/sun_bbvrdmjbnzoaqrmp.jpg'}, {'word': 'truck', 'image': '../static/stimuli/images/bookstore/sun_aauabdbreuzsnnrv.jpg'}, {'word': 'bed', 'image': '../static/stimuli/images/forest/sun_aoqjnzwgdikwayvw.jpg'}]",True,0.6969999999999998,v6.5C,7.0
w615b3fb,simple-recall,simple-recall-penalized,True,False,2000,15000,,5000,40,1,3,10,1,3,0.1,1,1,1,0.25,True,100,False,False,"[{'word': 'cake', 'image': '../static/stimuli/images/ziggurat/sun_agbaptlibgqhrwwn.jpg'}, {'word': 'bread', 'image': '../static/stimuli/images/airport/sun_aqytxlpqgdgggfum.jpg'}, {'word': 'snake', 'image': '../static/stimuli/images/waterfall/sun_awrontvhyysjfacv.jpg'}, {'word': 'door', 'image': '../static/stimuli/images/kitchen/sun_alazdvaixpjtegwg.jpg'}, {'word': 'dog', 'image': '../static/stimuli/images/restaurant/sun_advrksojohxolufo.jpg'}, {'word': 'drink', 'image': '../static/stimuli/images/forest/sun_aoqjnzwgdikwayvw.jpg'}, {'word': 'window', 'image': '../static/stimuli/images/garage/sun_dqhbnkldvcwhjinp.jpg'}, {'word': 'lion', 'image': '../static/stimuli/images/grocery/sun_ajxqnbvuflmzhcig.jpg'}, {'word': 'fence', 'image': '../static/stimuli/images/railway/sun_axeddylwawkspiuo.jpg'}, {'word': 'bag', 'image': '../static/stimuli/images/house/sun_afejjgypgnszvwza.jpg'}, {'word': 'duck', 'image': '../static/stimuli/images/temple/sun_aeurbzlgbulzilum.jpg'}, {'word': 'hat', 'image': '../static/stimuli/images/street/sun_amjwoyuxrszlicsb.jpg'}, {'word': 'milk', 'image': '../static/stimuli/images/beach/sun_aaapvfgggrgorgox.jpg'}, {'word': 'bee', 'image': '../static/stimuli/images/tower/sun_asjapgpmkkhijtma.jpg'}, {'word': 'candle', 'image': '../static/stimuli/images/bookstore/sun_afhaekubmjvpmvre.jpg'}, {'word': 'ear', 'image': '../static/stimuli/images/warehouse/sun_aaawomlbokrxmfyj.jpg'}, {'word': 'egg', 'image': '../static/stimuli/images/auditorium/sun_ahcmaddzrcfxzuuz.jpg'}, {'word': 'flower', 'image': '../static/stimuli/images/campsite/sun_ahvodfpzghaczear.jpg', 'practice': True}, {'word': 'horse', 'image': '../static/stimuli/images/footballfield/sun_aszinldqqvnpmwfh.jpg'}, {'word': 'jeans', 'image': '../static/stimuli/images/roof/sun_awyytziajjpreuke.jpg', 'practice': True}, {'word': 'heart', 'image': '../static/stimuli/images/ranch/sun_atkydlwjcpmattts.jpg'}, {'word': 'bird', 'image': '../static/stimuli/images/theater/sun_acpdepnxayyyjqgs.jpg'}, {'word': 'eye', 'image': '../static/stimuli/images/vineyard/sun_agfdrmftdzokxtnc.jpg'}, {'word': 'sand', 'image': '../static/stimuli/images/windmill/sun_ahkhvvnvkjevxvvu.jpg'}, {'word': 'bear', 'image': '../static/stimuli/images/laundryroom/sun_adldglebrfdkcxwu.jpg'}, {'word': 'truck', 'image': '../static/stimuli/images/gym/sun_appsvbfzhwrmtrje.jpg'}, {'word': 'pig', 'image': '../static/stimuli/images/computerroom/sun_adsueslplqfnwvqd.jpg'}, {'word': 'bone', 'image': '../static/stimuli/images/subway/sun_abufzioeatuizeoh.jpg'}, {'word': 'computer', 'image': '../static/stimuli/images/tenniscourt/sun_akifkmvcnuzulsxa.jpg'}, {'word': 'hay', 'image': '../static/stimuli/images/skiresort/sun_aqtrvlzivijhozcl.jpg'}, {'word': 'toilet', 'image': '../static/stimuli/images/volcano/sun_abmqyijpgbakeqkm.jpg'}, {'word': 'puzzle', 'image': '../static/stimuli/images/river/sun_ahmmzoezbuevqzjm.jpg'}, {'word': 'cat', 'image': '../static/stimuli/images/underwater/sun_aojrtoikxmtgzchi.jpg'}, {'word': 'apple', 'image': '../static/stimuli/images/shoppingmall/sun_abegyiikvbaqpooh.jpg', 'practice': True}, {'word': 'volcano', 'image': '../static/stimuli/images/downtown/sun_bzwgvgvsqqpbjfwc.jpg'}, {'word': 'bed', 'image': '../static/stimuli/images/greenhouse/sun_bxiwqwbzndahlxxp.jpg'}, {'word': 'rabbit', 'image': '../static/stimuli/images/musuem/sun_asxfpkysdohbethd.jpg'}, {'word': 'lawn', 'image': '../static/stimuli/images/castle/sun_apkncxxjepzqmdyk.jpg'}, {'word': 'potato', 'image': '../static/stimuli/images/sky/sun_aczjsyhtqawbyyer.jpg'}, {'word': 'nut', 'image': '../static/stimuli/images/pool/sun_aexdaltifheurhfa.jpg'}]",True,1.4400000000000006,v6.5C,7.0
w679027a,simple-recall,simple-recall-penalized,True,False,2000,15000,,5000,40,1,3,10,1,3,0.1,1,1,1,0.25,True,100,False,False,"[{'word': 'cat', 'image': '../static/stimuli/images/theater/sun_abldnlzotzlgclky.jpg', 'practice': True}, {'word': 'heart', 'image': '../static/stimuli/images/greenhouse/sun_aahkpmrwfcwqyfcf.jpg'}, {'word': 'bread', 'image': '../static/stimuli/images/subway/sun_akifaegxlwcrziyq.jpg'}, {'word': 'duck', 'image': '../static/stimuli/images/tenniscourt/sun_aczifhfuxagmsqub.jpg'}, {'word': 'drink', 'image': '../static/stimuli/images/garage/sun_deomonrjnryvglit.jpg'}, {'word': 'volcano', 'image': '../static/stimuli/images/sky/sun_agaqzpqhbcmmvisy.jpg'}, {'word': 'apple', 'image': '../static/stimuli/images/roof/sun_aqhqmhidvlrpfhie.jpg', 'practice': True}, {'word': 'bear', 'image': '../static/stimuli/images/castle/sun_alsmelmsufuoupht.jpg'}, {'word': 'fence', 'image': '../static/stimuli/images/computerroom/sun_ajcvdokgzllibdsg.jpg'}, {'word': 'nut', 'image': '../static/stimuli/images/skiresort/sun_ancomucdrbxydgbi.jpg'}, {'word': 'rabbit', 'image': '../static/stimuli/images/forest/sun_anfpmkqemzwfixbm.jpg'}, {'word': 'computer', 'image': '../static/stimuli/images/restaurant/sun_afgriceqykrjokmt.jpg'}, {'word': 'milk', 'image': '../static/stimuli/images/railway/sun_axeddylwawkspiuo.jpg'}, {'word': 'pig', 'image': '../static/stimuli/images/gym/sun_abcjjambqjxedqdv.jpg'}, {'word': 'lawn', 'image': '../static/stimuli/images/tower/sun_augaqwzgrksvvsgf.jpg'}, {'word': 'bone', 'image': '../static/stimuli/images/pool/sun_argikopryamoycho.jpg'}, {'word': 'jeans', 'image': '../static/stimuli/images/campsite/sun_agjhcohmxuuaimig.jpg'}, {'word': 'bird', 'image': '../static/stimuli/images/waterfall/sun_awrontvhyysjfacv.jpg', 'practice': True}, {'word': 'bee', 'image': '../static/stimuli/images/kitchen/sun_alazdvaixpjtegwg.jpg'}, {'word': 'truck', 'image': '../static/stimuli/images/street/sun_amwdevcpkorkaqcv.jpg'}, {'word': 'snake', 'image': '../static/stimuli/images/grocery/sun_acmmgshfrxgopxlk.jpg'}, {'word': 'hat', 'image': '../static/stimuli/images/volcano/sun_agobzgvhyhaxalcv.jpg'}, {'word': 'eye', 'image': '../static/stimuli/images/ranch/sun_axqdjxmxvxjmytiu.jpg'}, {'word': 'ear', 'image': '../static/stimuli/images/underwater/sun_axctpftepdlenuoo.jpg'}, {'word': 'cake', 'image': '../static/stimuli/images/ziggurat/fig2.png'}, {'word': 'horse', 'image': '../static/stimuli/images/footballfield/sun_aedcjgjztgoialpm.jpg'}, {'word': 'toilet', 'image': '../static/stimuli/images/vineyard/sun_amazvkispkonazvz.jpg'}, {'word': 'hay', 'image': '../static/stimuli/images/warehouse/sun_aboqyhgpfgwxwmut.jpg'}, {'word': 'dog', 'image': '../static/stimuli/images/auditorium/sun_ahwuhefoqkvitxnk.jpg'}, {'word': 'flower', 'image': '../static/stimuli/images/shoppingmall/sun_asbknkxckcdqmjml.jpg'}, {'word': 'puzzle', 'image': '../static/stimuli/images/temple/sun_apdrdxoeskjgfrbj.jpg'}, {'word': 'bag', 'image': '../static/stimuli/images/airport/sun_ammfdrzrfvjsqahx.jpg'}, {'word': 'egg', 'image': '../static/stimuli/images/beach/sun_abylvpgvhrpaxgnk.jpg'}, {'word': 'candle', 'image': '../static/stimuli/images/river/sun_auvfucpnqlcaddzs.jpg'}, {'word': 'door', 'image': '../static/stimuli/images/musuem/sun_alsgupdkmpsptlos.jpg'}, {'word': 'sand', 'image': '../static/stimuli/images/windmill/sun_awjnichhcaunlnrz.jpg'}, {'word': 'lion', 'image': '../static/stimuli/images/downtown/sun_axbzajoxhnjergfp.jpg'}, {'word': 'window', 'image': '../static/stimuli/images/bookstore/sun_aalyndhausktwxbc.jpg'}, {'word': 'bed', 'image': '../static/stimuli/images/laundryroom/sun_aaawhgdexmmzrdci.jpg'}, {'word': 'potato', 'image': '../static/stimuli/images/house/sun_aahrslvfecptaudk.jpg'}]",True,1.100999999999999,v6.5C,4.0
wfcbcfb3,simple-recall,simple-recall-penalized,True,False,2000,15000,,5000,40,1,3,10,1,3,0.1,1,1,1,0.25,True,100,False,False,"[{'word': 'fence', 'image': '../static/stimuli/images/tenniscourt/sun_auqykplyynyhxcas.jpg'}, {'word': 'toilet', 'image': '../static/stimuli/images/house/sun_azzyyehcunxuhihg.jpg'}, {'word': 'bed', 'image': '../static/stimuli/images/sky/sun_aboqqlnpqcqfghfo.jpg'}, {'word': 'bird', 'image': '../static/stimuli/images/shoppingmall/sun_aradyzjpmslqqakf.jpg'}, {'word': 'apple', 'image': '../static/stimuli/images/footballfield/sun_aegayohtofbvbdoa.jpg'}, {'word': 'cat', 'image': '../static/stimuli/images/waterfall/sun_adtiwvbnsxsyohuw.jpg'}, {'word': 'rabbit', 'image': '../static/stimuli/images/airport/sun_aqytxlpqgdgggfum.jpg'}, {'word': 'milk', 'image': '../static/stimuli/images/skiresort/sun_agpfoakkwrzedbll.jpg', 'practice': True}, {'word': 'snake', 'image': '../static/stimuli/images/street/sun_aaeryjozzmanouqj.jpg'}, {'word': 'pig', 'image': '../static/stimuli/images/roof/sun_airvzklrdchyytiu.jpg'}, {'word': 'puzzle', 'image': '../static/stimuli/images/auditorium/sun_ahwuhefoqkvitxnk.jpg'}, {'word': 'bear', 'image': '../static/stimuli/images/restaurant/sun_ajsstbpxnharlnnf.jpg'}, {'word': 'window', 'image': '../static/stimuli/images/laundryroom/sun_dftejcrhqzltgvmr.jpg'}, {'word': 'horse', 'image': '../static/stimuli/images/castle/sun_aoguwxhjirnhxsgn.jpg'}, {'word': 'bone', 'image': '../static/stimuli/images/warehouse/sun_aibppakephiqqqrb.jpg'}, {'word': 'hat', 'image': '../static/stimuli/images/computerroom/sun_azkmsfiuzzekamsy.jpg'}, {'word': 'bag', 'image': '../static/stimuli/images/garage/sun_daivjtyepudsqerl.jpg'}, {'word': 'lawn', 'image': '../static/stimuli/images/grocery/sun_atlvleypygwzuszx.jpg'}, {'word': 'candle', 'image': '../static/stimuli/images/kitchen/sun_asrcfjusjydonoin.jpg', 'practice': True}, {'word': 'truck', 'image': '../static/stimuli/images/gym/sun_appsvbfzhwrmtrje.jpg'}, {'word': 'dog', 'image': '../static/stimuli/images/railway/sun_aqddawzjzkqycxjc.jpg'}, {'word': 'ear', 'image': '../static/stimuli/images/downtown/sun_bzwgvgvsqqpbjfwc.jpg'}, {'word': 'potato', 'image': '../static/stimuli/images/temple/sun_avabexehmngnxjjr.jpg'}, {'word': 'heart', 'image': '../static/stimuli/images/bookstore/sun_aauabdbreuzsnnrv.jpg'}, {'word': 'volcano', 'image': '../static/stimuli/images/campsite/sun_akmknzqdbcxpznth.jpg'}, {'word': 'sand', 'image': '../static/stimuli/images/tower/sun_afjkdsegpwxewtah.jpg'}, {'word': 'duck', 'image': '../static/stimuli/images/underwater/sun_aufltyunbkquxrih.jpg'}, {'word': 'lion', 'image': '../static/stimuli/images/vineyard/sun_axkbfhmkopqemnsq.jpg'}, {'word': 'bread', 'image': '../static/stimuli/images/forest/sun_akxbwsrgnuadikod.jpg'}, {'word': 'flower', 'image': '../static/stimuli/images/ranch/sun_axqdjxmxvxjmytiu.jpg'}, {'word': 'drink', 'image': '../static/stimuli/images/beach/sun_aafwmyqvqgtvdkce.jpg'}, {'word': 'nut', 'image': '../static/stimuli/images/windmill/sun_ahkhvvnvkjevxvvu.jpg'}, {'word': 'door', 'image': '../static/stimuli/images/pool/sun_ammyodxmkwfauuzp.jpg'}, {'word': 'jeans', 'image': '../static/stimuli/images/subway/sun_agpnhsuccwnvcjwe.jpg'}, {'word': 'computer', 'image': '../static/stimuli/images/ziggurat/fig1.png'}, {'word': 'bee', 'image': '../static/stimuli/images/musuem/sun_asxfpkysdohbethd.jpg'}, {'word': 'eye', 'image': '../static/stimuli/images/volcano/sun_amntiizmakyntrnx.jpg'}, {'word': 'hay', 'image': '../static/stimuli/images/theater/sun_alttxbnfjyibouth.jpg'}, {'word': 'egg', 'image': '../static/stimuli/images/river/sun_aiazxjumlgdcrfpn.jpg', 'practice': True}, {'word': 'cake', 'image': '../static/stimuli/images/greenhouse/sun_bmkhcqoxkpbmqplr.jpg'}]",True,1.0100000000000002,v6.5C,8.0
w988c978,simple-recall,simple-recall-penalized,True,False,2000,15000,,5000,40,1,3,10,1,3,0.1,1,1,1,0.25,True,100,False,False,"[{'word': 'snake', 'image': '../static/stimuli/images/downtown/sun_bzwgvgvsqqpbjfwc.jpg'}, {'word': 'jeans', 'image': '../static/stimuli/images/tenniscourt/sun_ayyvmiocpgbwlgot.jpg', 'practice': True}, {'word': 'egg', 'image': '../static/stimuli/images/beach/sun_acbeypdvskqxwbrf.jpg'}, {'word': 'hat', 'image': '../static/stimuli/images/gym/sun_auzbqfsaebhgtrig.jpg'}, {'word': 'drink', 'image': '../static/stimuli/images/kitchen/sun_avlgzqfdedxwbiei.jpg'}, {'word': 'milk', 'image': '../static/stimuli/images/auditorium/sun_almcaxysfdwizxac.jpg', 'practice': True}, {'word': 'bread', 'image': '../static/stimuli/images/garage/sun_daivjtyepudsqerl.jpg'}, {'word': 'fence', 'image': '../static/stimuli/images/sky/sun_aboqqlnpqcqfghfo.jpg'}, {'word': 'dog', 'image': '../static/stimuli/images/house/sun_abcaoiwkiofeweig.jpg'}, {'word': 'bee', 'image': '../static/stimuli/images/railway/sun_aqddawzjzkqycxjc.jpg'}, {'word': 'door', 'image': '../static/stimuli/images/skiresort/sun_aqtrvlzivijhozcl.jpg'}, {'word': 'bear', 'image': '../static/stimuli/images/roof/sun_awskptrfuzjyjwes.jpg', 'practice': True}, {'word': 'flower', 'image': '../static/stimuli/images/campsite/sun_arwteuvpegqctvcg.jpg'}, {'word': 'horse', 'image': '../static/stimuli/images/laundryroom/sun_dftejcrhqzltgvmr.jpg'}, {'word': 'pig', 'image': '../static/stimuli/images/subway/sun_abufzioeatuizeoh.jpg'}, {'word': 'volcano', 'image': '../static/stimuli/images/footballfield/sun_afihcbvbdxmnexyh.jpg'}, {'word': 'puzzle', 'image': '../static/stimuli/images/street/sun_agtpyiscmdidhpgk.jpg'}, {'word': 'bird', 'image': '../static/stimuli/images/restaurant/sun_aiyfhlpenzexmqoi.jpg'}, {'word': 'bone', 'image': '../static/stimuli/images/computerroom/sun_ajcvdokgzllibdsg.jpg'}, {'word': 'heart', 'image': '../static/stimuli/images/tower/sun_asjapgpmkkhijtma.jpg'}, {'word': 'candle', 'image': '../static/stimuli/images/warehouse/sun_aaawomlbokrxmfyj.jpg'}, {'word': 'apple', 'image': '../static/stimuli/images/castle/sun_apkncxxjepzqmdyk.jpg'}, {'word': 'lion', 'image': '../static/stimuli/images/airport/sun_ammfdrzrfvjsqahx.jpg'}, {'word': 'cat', 'image': '../static/stimuli/images/river/sun_aahjsajmsehqtuox.jpg'}, {'word': 'bed', 'image': '../static/stimuli/images/vineyard/sun_apdbcyzwitltnzyz.jpg'}, {'word': 'cake', 'image': '../static/stimuli/images/greenhouse/sun_bmkhcqoxkpbmqplr.jpg'}, {'word': 'nut', 'image': '../static/stimuli/images/bookstore/sun_avqoszezjldwidcy.jpg'}, {'word': 'rabbit', 'image': '../static/stimuli/images/musuem/sun_alsgupdkmpsptlos.jpg'}, {'word': 'potato', 'image': '../static/stimuli/images/theater/sun_atelpfsrkdqaoyph.jpg'}, {'word': 'duck', 'image': '../static/stimuli/images/forest/sun_aoqjnzwgdikwayvw.jpg'}, {'word': 'truck', 'image': '../static/stimuli/images/ranch/sun_ayvjppkciavpdbhs.jpg'}, {'word': 'computer', 'image': '../static/stimuli/images/shoppingmall/sun_asbknkxckcdqmjml.jpg'}, {'word': 'sand', 'image': '../static/stimuli/images/volcano/sun_abmqyijpgbakeqkm.jpg'}, {'word': 'lawn', 'image': '../static/stimuli/images/temple/sun_aaexbfhvrzmbsfus.jpg'}, {'word': 'window', 'image': '../static/stimuli/images/windmill/sun_alrghzshdjgnywto.jpg'}, {'word': 'hay', 'image': '../static/stimuli/images/ziggurat/sun_aecdvzqgcesggjrp.jpg'}, {'word': 'toilet', 'image': '../static/stimuli/images/waterfall/sun_aecefabfvaewllpg.jpg'}, {'word': 'eye', 'image': '../static/stimuli/images/pool/sun_aelfhlyhvuglfcha.jpg'}, {'word': 'bag', 'image': '../static/stimuli/images/underwater/sun_aojrtoikxmtgzchi.jpg'}, {'word': 'ear', 'image': '../static/stimuli/images/grocery/sun_aczzweebuokhxnbb.jpg'}]",True,0.7119999999999997,v6.5C,8.0
w67b65c3,simple-recall,simple-recall-penalized,True,False,2000,15000,,5000,40,1,3,10,1,3,0.1,1,1,1,0.25,True,100,False,False,"[{'word': 'apple', 'image': '../static/stimuli/images/temple/sun_asirkyjruyeentuc.jpg'}, {'word': 'puzzle', 'image': '../static/stimuli/images/beach/sun_aawqdbpihmlbwyyn.jpg', 'practice': True}, {'word': 'door', 'image': '../static/stimuli/images/pool/sun_antxeexzhaspkvlj.jpg'}, {'word': 'horse', 'image': '../static/stimuli/images/tower/sun_asjapgpmkkhijtma.jpg'}, {'word': 'computer', 'image': '../static/stimuli/images/kitchen/sun_akzumputqvdvtqbq.jpg', 'practice': True}, {'word': 'bone', 'image': '../static/stimuli/images/windmill/sun_ahkhvvnvkjevxvvu.jpg'}, {'word': 'bread', 'image': '../static/stimuli/images/volcano/sun_aetnikjhplqgsznx.jpg'}, {'word': 'truck', 'image': '../static/stimuli/images/bookstore/sun_arnqlbdckkrvjqjj.jpg'}, {'word': 'bed', 'image': '../static/stimuli/images/skiresort/sun_ancomucdrbxydgbi.jpg'}, {'word': 'eye', 'image': '../static/stimuli/images/roof/sun_awskptrfuzjyjwes.jpg'}, {'word': 'rabbit', 'image': '../static/stimuli/images/theater/sun_alttxbnfjyibouth.jpg'}, {'word': 'egg', 'image': '../static/stimuli/images/downtown/sun_acbmuljpyqdcboxt.jpg'}, {'word': 'bag', 'image': '../static/stimuli/images/gym/sun_akhyzejtqpynaepu.jpg'}, {'word': 'cat', 'image': '../static/stimuli/images/greenhouse/sun_bncgstrupskxwget.jpg'}, {'word': 'candle', 'image': '../static/stimuli/images/restaurant/sun_afgriceqykrjokmt.jpg'}, {'word': 'toilet', 'image': '../static/stimuli/images/vineyard/sun_amazvkispkonazvz.jpg'}, {'word': 'sand', 'image': '../static/stimuli/images/tenniscourt/sun_aizsvornuhzvyvhc.jpg'}, {'word': 'window', 'image': '../static/stimuli/images/airport/sun_aojbxgadgjyajeaw.jpg'}, {'word': 'hat', 'image': '../static/stimuli/images/sky/sun_aeglnxtxlevipkzh.jpg'}, {'word': 'bee', 'image': '../static/stimuli/images/subway/sun_alfhdavatfhkuxyo.jpg'}, {'word': 'pig', 'image': '../static/stimuli/images/waterfall/sun_ahssvsymysusmiqw.jpg'}, {'word': 'bird', 'image': '../static/stimuli/images/warehouse/sun_aadtsgkouwrqwvwl.jpg'}, {'word': 'heart', 'image': '../static/stimuli/images/castle/sun_alsmelmsufuoupht.jpg'}, {'word': 'flower', 'image': '../static/stimuli/images/railway/sun_aqlgoveofhhmvrdh.jpg'}, {'word': 'hay', 'image': '../static/stimuli/images/footballfield/sun_aszinldqqvnpmwfh.jpg'}, {'word': 'fence', 'image': '../static/stimuli/images/laundryroom/sun_aloupfszgaghffll.jpg'}, {'word': 'duck', 'image': '../static/stimuli/images/underwater/sun_axbjbqawtejfugwt.jpg'}, {'word': 'volcano', 'image': '../static/stimuli/images/river/sun_advruofhmqeyqmbx.jpg'}, {'word': 'cake', 'image': '../static/stimuli/images/garage/sun_dmxrwdsmpakdmytc.jpg'}, {'word': 'jeans', 'image': '../static/stimuli/images/grocery/sun_aczzweebuokhxnbb.jpg'}, {'word': 'lion', 'image': '../static/stimuli/images/auditorium/sun_ahwuhefoqkvitxnk.jpg'}, {'word': 'bear', 'image': '../static/stimuli/images/musuem/sun_atiiscmhrcnttlop.jpg'}, {'word': 'snake', 'image': '../static/stimuli/images/ranch/sun_adlocewvkpbsaigj.jpg'}, {'word': 'ear', 'image': '../static/stimuli/images/computerroom/sun_akbfsjykwgllwszc.jpg'}, {'word': 'dog', 'image': '../static/stimuli/images/ziggurat/sun_apdphtulomykrqoa.jpg'}, {'word': 'nut', 'image': '../static/stimuli/images/campsite/sun_akmknzqdbcxpznth.jpg'}, {'word': 'drink', 'image': '../static/stimuli/images/forest/sun_atlxncsxfmqwisuw.jpg'}, {'word': 'lawn', 'image': '../static/stimuli/images/house/sun_aacohnpwcrythslq.jpg', 'practice': True}, {'word': 'milk', 'image': '../static/stimuli/images/street/sun_aaeryjozzmanouqj.jpg'}, {'word': 'potato', 'image': '../static/stimuli/images/shoppingmall/sun_avicxzccipgymejx.jpg'}]",True,0.8110000000000003,v6.5C,6.0
w3f98fed,simple-recall,simple-recall-penalized,True,False,2000,15000,,5000,40,1,3,10,1,3,0.1,1,1,1,0.25,True,100,False,False,"[{'word': 'bed', 'image': '../static/stimuli/images/forest/sun_anfpmkqemzwfixbm.jpg'}, {'word': 'fence', 'image': '../static/stimuli/images/sky/sun_aemltyubcdmxluwx.jpg'}, {'word': 'computer', 'image': '../static/stimuli/images/restaurant/sun_agizngsilvvsycgq.jpg'}, {'word': 'volcano', 'image': '../static/stimuli/images/roof/sun_aqhqmhidvlrpfhie.jpg'}, {'word': 'hay', 'image': '../static/stimuli/images/kitchen/sun_aizcycyyvgfcdnzp.jpg'}, {'word': 'bread', 'image': '../static/stimuli/images/gym/sun_akecysmtkjijrbqr.jpg'}, {'word': 'window', 'image': '../static/stimuli/images/bookstore/sun_aibnpvhkdpdnzcnz.jpg'}, {'word': 'pig', 'image': '../static/stimuli/images/auditorium/sun_ahcmaddzrcfxzuuz.jpg'}, {'word': 'milk', 'image': '../static/stimuli/images/shoppingmall/sun_addqytasyktafwmq.jpg'}, {'word': 'apple', 'image': '../static/stimuli/images/grocery/sun_akqpikmgyzrpoilg.jpg', 'practice': True}, {'word': 'toilet', 'image': '../static/stimuli/images/warehouse/sun_ainoacwsquefrlbr.jpg'}, {'word': 'eye', 'image': '../static/stimuli/images/temple/sun_aeurbzlgbulzilum.jpg'}, {'word': 'bird', 'image': '../static/stimuli/images/theater/sun_alttxbnfjyibouth.jpg'}, {'word': 'cat', 'image': '../static/stimuli/images/railway/sun_asgcpxncztcqwiyz.jpg'}, {'word': 'ear', 'image': '../static/stimuli/images/river/sun_advruofhmqeyqmbx.jpg'}, {'word': 'puzzle', 'image': '../static/stimuli/images/ranch/sun_ayvjppkciavpdbhs.jpg'}, {'word': 'snake', 'image': '../static/stimuli/images/downtown/sun_bshiuzzrrjsniwbh.jpg'}, {'word': 'bee', 'image': '../static/stimuli/images/airport/sun_aojbxgadgjyajeaw.jpg'}, {'word': 'rabbit', 'image': '../static/stimuli/images/street/sun_amjwoyuxrszlicsb.jpg'}, {'word': 'lawn', 'image': '../static/stimuli/images/subway/sun_abufzioeatuizeoh.jpg'}, {'word': 'lion', 'image': '../static/stimuli/images/pool/sun_aztsporcpcmiibon.jpg'}, {'word': 'truck', 'image': '../static/stimuli/images/ziggurat/sun_apdphtulomykrqoa.jpg'}, {'word': 'cake', 'image': '../static/stimuli/images/musuem/sun_atiiscmhrcnttlop.jpg'}, {'word': 'candle', 'image': '../static/stimuli/images/tenniscourt/sun_aczifhfuxagmsqub.jpg'}, {'word': 'horse', 'image': '../static/stimuli/images/vineyard/sun_aicvecccjhfzcjnt.jpg'}, {'word': 'heart', 'image': '../static/stimuli/images/house/sun_aangbuylfvckqqoo.jpg'}, {'word': 'potato', 'image': '../static/stimuli/images/beach/sun_abrqamdurwzygcjy.jpg'}, {'word': 'bear', 'image': '../static/stimuli/images/underwater/sun_aufltyunbkquxrih.jpg'}, {'word': 'dog', 'image': '../static/stimuli/images/windmill/sun_agijhczjktkzvxys.jpg'}, {'word': 'duck', 'image': '../static/stimuli/images/campsite/sun_amejpvolcgftwwch.jpg'}, {'word': 'hat', 'image': '../static/stimuli/images/volcano/sun_aacjsxcwmkbgvpmb.jpg'}, {'word': 'flower', 'image': '../static/stimuli/images/waterfall/sun_ahssvsymysusmiqw.jpg'}, {'word': 'bag', 'image': '../static/stimuli/images/garage/sun_dmxrwdsmpakdmytc.jpg', 'practice': True}, {'word': 'egg', 'image': '../static/stimuli/images/tower/sun_amsimjdbtzyefqbh.jpg'}, {'word': 'bone', 'image': '../static/stimuli/images/skiresort/sun_adyplaxglzqyoynb.jpg'}, {'word': 'nut', 'image': '../static/stimuli/images/greenhouse/sun_bmnxsjsqwqcaluzf.jpg'}, {'word': 'jeans', 'image': '../static/stimuli/images/computerroom/sun_akcjvpjqukkdanyo.jpg'}, {'word': 'door', 'image': '../static/stimuli/images/castle/sun_aoguwxhjirnhxsgn.jpg'}, {'word': 'drink', 'image': '../static/stimuli/images/footballfield/sun_bxvamckmwplxbzxz.jpg', 'practice': True}, {'word': 'sand', 'image': '../static/stimuli/images/laundryroom/sun_acnrhsgylwftewpq.jpg'}]",True,1.4080000000000006,v6.5C,8.0
